ID	Description	GeneRatio	BgRatio	RichFactor	FoldEnrichment	zScore	pvalue	p.adjust	qvalue	geneID	Count
GO:0001533	cornified envelope	7/279	60/19556	0.116666666666667	8.17753882915173	6.69868731191878	2.25854437758381e-05	0.0172552790447403	0.0172552790447403	SPRR1B/KRT16/SPRR3/DSG3/KRT75/KLK6/SERPINB5	7
GO:0098981	cholinergic synapse	3/279	13/19556	0.230769230769231	16.1753515301902	6.5845501287677	0.000738993858073628	0.282295653784126	0.282295653784126	CHRM2/CHRNB4/CHRM1	3
GO:0098878	neurotransmitter receptor complex	5/279	56/19556	0.0892857142857143	6.25832053251408	4.74061898989923	0.00120241827889015	0.306215855024025	0.306215855024025	HTR3C/GRIA1/CHRNB4/CHRNA2/HTR3A	5
GO:0097060	synaptic membrane	15/279	451/19556	0.0332594235033259	2.331259089717	3.44103130880667	0.00218626549644329	0.412802296414439	0.412802296414439	SLC6A4/HTR3C/GRIA1/CHRM2/CHRNB4/GABRQ/GPM6A/CHRM1/CNTN6/CHRNA2/NTNG1/GABRA3/HTR3A/NETO1/ADCY8	15
GO:0098685	Schaffer collateral - CA1 synapse	6/279	100/19556	0.06	4.20559139784946	3.86627439519	0.00310977442515782	0.412802296414439	0.412802296414439	GRIA1/CHRM1/TNR/NTNG1/NETO1/ADCY8	6
GO:0060076	excitatory synapse	5/279	70/19556	0.0714285714285714	5.00665642601126	4.03999717966627	0.0032419028514223	0.412802296414439	0.412802296414439	GRIA1/GPM6A/CNTN6/NETO1/ADCY8	5
GO:0071682	endocytic vesicle lumen	3/279	23/19556	0.130434782608696	9.14258999532492	4.70060002268261	0.00411844258221818	0.449498590402099	0.449498590402099	HBA1/HBA2/CSF3	3
GO:0042734	presynaptic membrane	8/279	184/19556	0.0434782608695652	3.04752999844164	3.35709199730443	0.00501782170911973	0.460126390980642	0.460126390980642	SLC6A4/GRIA1/CHRNB4/GPM6A/CHRM1/CNTN6/NTNG1/ADCY8	8
GO:0045095	keratin filament	6/279	112/19556	0.0535714285714286	3.75499231950845	3.51761160722282	0.00542033706652588	0.460126390980642	0.460126390980642	KRT16/KRTAP4-1/KRT6C/KRT6B/KRT6A/KRT75	6
GO:0045211	postsynaptic membrane	11/279	319/19556	0.0344827586206897	2.4170065504882	3.06979811463079	0.0063269217049333	0.483376818256904	0.483376818256904	SLC6A4/HTR3C/GRIA1/CHRM2/CHRNB4/GABRQ/CHRM1/CHRNA2/GABRA3/HTR3A/NETO1	11
GO:0031838	haptoglobin-hemoglobin complex	2/279	11/19556	0.181818181818182	12.7442163571196	4.68720379581622	0.0102460907595374	0.711637576389691	0.711637576389691	HBA1/HBA2	2
GO:0005833	hemoglobin complex	2/279	12/19556	0.166666666666667	11.6821983273596	4.45303205119818	0.0121804085867065	0.775486013353648	0.775486013353648	HBA1/HBA2	2
GO:0031089	platelet dense granule lumen	2/279	14/19556	0.142857142857143	10.0133128520225	4.05859061843819	0.0164823353919363	0.90758688033402	0.90758688033402	CLEC3B/APOH	2
GO:0048787	presynaptic active zone membrane	3/279	38/19556	0.0789473684210526	5.53367289190719	3.365391641886	0.0167737227997218	0.90758688033402	0.90758688033402	GRIA1/GPM6A/NTNG1	3
GO:0001917	photoreceptor inner segment	4/279	70/19556	0.0571428571428571	4.00532514080901	3.03033347556974	0.0178191141426836	0.90758688033402	0.90758688033402	USH1G/GNGT1/SLC24A2/RS1	4
GO:0005892	acetylcholine-gated channel complex	2/279	18/19556	0.111111111111111	7.78813221823975	3.46623322552199	0.0266960104574527	1	1	CHRNB4/CHRNA2	2
GO:0016010	dystrophin-associated glycoprotein complex	2/279	18/19556	0.111111111111111	7.78813221823975	3.46623322552199	0.0266960104574527	1	1	CAV3/SGCG	2
GO:0090665	glycoprotein complex	2/279	19/19556	0.105263157894737	7.37823052254292	3.34625753264014	0.0295602243558405	1	1	CAV3/SGCG	2
GO:1902711	GABA-A receptor complex	2/279	19/19556	0.105263157894737	7.37823052254292	3.34625753264014	0.0295602243558405	1	1	GABRQ/GABRA3	2
GO:0042599	lamellar body	2/279	20/19556	0.1	7.00931899641577	3.23469785973377	0.0325406956950545	1	1	ABCA12/SFTPC	2
GO:0042827	platelet dense granule	2/279	21/19556	0.0952380952380952	6.67554190134835	3.1305566132679	0.0356335497793858	1	1	CLEC3B/APOH	2
GO:1902710	GABA receptor complex	2/279	21/19556	0.0952380952380952	6.67554190134835	3.1305566132679	0.0356335497793858	1	1	GABRQ/GABRA3	2
GO:0034702	monoatomic ion channel complex	10/279	364/19556	0.0274725274725275	1.92563708692741	2.14458176699188	0.036765640685044	1	1	HTR3C/GRIA1/CHRNB4/GABRQ/CACNA1S/CHRNA2/GABRA3/DPP6/HTR3A/KCNA4	10
GO:0048786	presynaptic active zone	4/279	88/19556	0.0454545454545455	3.1860540892799	2.47259427203485	0.0372386339213185	1	1	GRIA1/GPM6A/NTNG1/ADCY8	4
GO:0031594	neuromuscular junction	4/279	89/19556	0.0449438202247191	3.15025572872619	2.44594614437672	0.0385702148958892	1	1	GRIA1/CAV3/SGCG/EFNA2	4
GO:0097449	astrocyte projection	2/279	22/19556	0.0909090909090909	6.37210817855979	3.03299564224071	0.0388349981107836	1	1	SYT4/AQP4	2
GO:0030017	sarcomere	7/279	221/19556	0.0316742081447964	2.22014628845748	2.19455889245177	0.0396999863568414	1	1	ANKRD1/TNNC1/STYXL2/CACNA1S/CAV3/MYH2/SLC4A1	7
GO:0045178	basal part of cell	9/279	323/19556	0.0278637770897833	1.95306102067312	2.07782870219085	0.0428621223209752	1	1	GKN2/RHBG/PTPRQ/CD300LG/CA9/SLC4A1/ADCY8/GPIHBP1/AQP4	9
GO:0098688	parallel fiber to Purkinje cell synapse	2/279	24/19556	0.0833333333333333	5.84109916367981	2.85487784190569	0.0455489446024913	1	1	GPM6A/CNTN6	2
GO:0098858	actin-based cell projection	7/279	228/19556	0.0307017543859649	2.15198390240835	2.10490094703933	0.0456393052973603	1	1	GPM6A/PTPRH/PTPRQ/IGF2BP1/TUBB3/CA9/PCDH15	7
GO:0042383	sarcolemma	5/279	142/19556	0.0352112676056338	2.46807006916048	2.11224714637205	0.0530433375905234	1	1	SLC27A6/CACNA1S/CAV3/SGCG/AQP4	5
GO:0030016	myofibril	7/279	242/19556	0.0289256198347107	2.02748896590539	1.93490668144228	0.0591560310548404	1	1	ANKRD1/TNNC1/STYXL2/CACNA1S/CAV3/MYH2/SLC4A1	7
GO:0032809	neuronal cell body membrane	2/279	28/19556	0.0714285714285714	5.00665642601126	2.55236936596642	0.0601224610373289	1	1	GRIA1/ADCY8	2
GO:0160111	axonemal A tubule inner sheath	2/279	30/19556	0.0666666666666667	4.67287933094385	2.42198769969938	0.0679285181421596	1	1	TEKT1/CFAP107	2
GO:0099634	postsynaptic specialization membrane	5/279	153/19556	0.0326797385620915	2.29062712301169	1.92807245134686	0.0684959312500917	1	1	GRIA1/CHRNB4/CHRM1/GABRA3/NETO1	5
GO:0043292	contractile muscle fiber	7/279	252/19556	0.0277777777777778	1.94703305455994	1.82034221840422	0.0701758740648709	1	1	ANKRD1/TNNC1/STYXL2/CACNA1S/CAV3/MYH2/SLC4A1	7
GO:0031093	platelet alpha granule lumen	3/279	67/19556	0.0447761194029851	3.13850104317124	2.10942154809642	0.0707243830255238	1	1	PF4/PPBP/VEGFD	3
GO:0009925	basal plasma membrane	8/279	304/19556	0.0263157894736842	1.84455763063573	1.78541608704128	0.0707889807225815	1	1	RHBG/PTPRQ/CD300LG/CA9/SLC4A1/ADCY8/GPIHBP1/AQP4	8
GO:0044298	cell body membrane	2/279	31/19556	0.0645161290322581	4.52214128801017	2.36104022991166	0.0719502578950426	1	1	GRIA1/ADCY8	2
GO:0042581	specific granule	5/279	159/19556	0.0314465408805031	2.20418836365276	1.83415905227483	0.0778695635375445	1	1	CEACAM8/CHRNB4/RETN/MCEMP1/FOLR3	5
GO:0031528	microvillus membrane	2/279	33/19556	0.0606060606060606	4.24807211903986	2.24657356590509	0.0802160938163761	1	1	PTPRH/CA9	2
GO:0044304	main axon	3/279	71/19556	0.0422535211267606	2.96168408299258	1.99213756851359	0.0810297223630477	1	1	LGI3/MYOC/KCNA4	3
GO:0070821	tertiary granule membrane	3/279	72/19556	0.0416666666666667	2.9205495818399	1.96410182630114	0.0837023049864691	1	1	CEACAM8/CHRNB4/MCEMP1	3
GO:0070820	tertiary granule	5/279	163/19556	0.0306748466257669	2.15009785166128	1.77385200735129	0.0844832304795195	1	1	CEACAM8/CHRNB4/MCEMP1/PPBP/FOLR3	5
GO:0043025	neuronal cell body	11/279	482/19556	0.0228215767634855	1.59963711536459	1.60362354585526	0.0858674135302147	1	1	GRIA1/SYT4/GPM6A/CYP17A1/TMEM100/AGRP/IGF2BP1/TUBB3/EFNA2/GAL/ADCY8	11
GO:0009897	external side of plasma membrane	9/279	373/19556	0.0241286863270777	1.69125659430944	1.62161117270331	0.0876018695231008	1	1	GRIA1/TRPM8/SCUBE1/RAET1L/CA4/RS1/CLEC4M/GPIHBP1/AQP4	9
GO:0005882	intermediate filament	6/279	216/19556	0.0277777777777778	1.94703305455994	1.68374014334935	0.089765819255047	1	1	KRT16/KRTAP4-1/KRT6C/KRT6B/KRT6A/KRT75	6
GO:0044217	other organism part	2/279	36/19556	0.0555555555555556	3.89406610911987	2.09088948847625	0.093127602119319	1	1	C8B/CLEC4M	2
GO:0097386	glial cell projection	2/279	36/19556	0.0555555555555556	3.89406610911987	2.09088948847625	0.093127602119319	1	1	SYT4/AQP4	2
GO:0044853	plasma membrane raft	4/279	121/19556	0.0330578512396694	2.31713024674902	1.74839849440186	0.0951487357797072	1	1	TRPM8/ADRA1A/CAV3/ADCY8	4
GO:0016323	basolateral plasma membrane	7/279	272/19556	0.0257352941176471	1.80386885937171	1.60613624890386	0.0956520731187109	1	1	RHBG/CD300LG/CA9/SLC4A1/ADCY8/GPIHBP1/AQP4	7
GO:0005901	caveola	3/279	81/19556	0.037037037037037	2.59604407274658	1.73164930946135	0.109371741436134	1	1	ADRA1A/CAV3/ADCY8	3
GO:0034703	cation channel complex	6/279	233/19556	0.0257510729613734	1.80497484886243	1.48707982921459	0.117341145595272	1	1	HTR3C/CACNA1S/CHRNA2/DPP6/HTR3A/KCNA4	6
GO:0045111	intermediate filament cytoskeleton	6/279	233/19556	0.0257510729613734	1.80497484886243	1.48707982921459	0.117341145595272	1	1	KRT16/KRTAP4-1/KRT6C/KRT6B/KRT6A/KRT75	6
GO:0032590	dendrite membrane	2/279	44/19556	0.0454545454545455	3.1860540892799	1.7464157368944	0.130061198329334	1	1	GRIA1/GABRA3	2
GO:0097649	A axonemal microtubule	2/279	44/19556	0.0454545454545455	3.1860540892799	1.7464157368944	0.130061198329334	1	1	TEKT1/CFAP107	2
GO:0072534	perineuronal net	1/279	10/19556	0.1	7.00931899641577	2.28669161586139	0.133876705318138	1	1	TNR	1
GO:0160110	axonemal microtubule doublet inner sheath	2/279	45/19556	0.0444444444444444	3.1152528872959	1.70899218618851	0.134890009104615	1	1	TEKT1/CFAP107	2
GO:0045121	membrane raft	7/279	298/19556	0.023489932885906	1.64648432801713	1.35291910672931	0.135428593091815	1	1	SLC6A4/TRPM8/ADRA1A/TNR/CAV3/ITLN1/ADCY8	7
GO:0035579	specific granule membrane	3/279	90/19556	0.0333333333333333	2.33643966547192	1.52877488803455	0.137650729315717	1	1	CEACAM8/CHRNB4/MCEMP1	3
GO:0045334	clathrin-coated endocytic vesicle	3/279	90/19556	0.0333333333333333	2.33643966547192	1.52877488803455	0.137650729315717	1	1	CHRM2/SH3GL2/SFTPC	3
GO:0098857	membrane microdomain	7/279	300/19556	0.0233333333333333	1.63550776583035	1.334472838725	0.138784438209268	1	1	SLC6A4/TRPM8/ADRA1A/TNR/CAV3/ITLN1/ADCY8	7
GO:0031462	Cul2-RING ubiquitin ligase complex	2/279	46/19556	0.0434782608695652	3.04752999844164	1.67259903770111	0.139758452302542	1	1	PRAME/ZYG11A	2
GO:0098686	hippocampal mossy fiber to CA3 synapse	2/279	46/19556	0.0434782608695652	3.04752999844164	1.67259903770111	0.139758452302542	1	1	SYT12/ADCY8	2
GO:0031091	platelet alpha granule	3/279	91/19556	0.032967032967033	2.31076450431289	1.50775039994949	0.140934924510562	1	1	PF4/PPBP/VEGFD	3
GO:0005667	transcription regulator complex	10/279	477/19556	0.0209643605870021	1.46945890910184	1.24879243411104	0.146185186781451	1	1	ANKRD1/HELT/POU4F1/RXRG/HOXB9/DMBX1/HOXB13/HOXA10/PITX1/PITX2	10
GO:0005583	fibrillar collagen trimer	1/279	11/19556	0.0909090909090909	6.37210817855979	2.14404819192692	0.146239766773998	1	1	COL11A1	1
GO:0098643	fibrillar collagen complex	1/279	11/19556	0.0909090909090909	6.37210817855979	2.14404819192692	0.146239766773998	1	1	COL11A1	1
GO:0098966	perisynaptic extracellular matrix	1/279	11/19556	0.0909090909090909	6.37210817855979	2.14404819192692	0.146239766773998	1	1	TNR	1
GO:1990454	L-type voltage-gated calcium channel complex	1/279	11/19556	0.0909090909090909	6.37210817855979	2.14404819192692	0.146239766773998	1	1	CACNA1S	1
GO:1990531	phospholipid-translocating ATPase complex	1/279	11/19556	0.0909090909090909	6.37210817855979	2.14404819192692	0.146239766773998	1	1	ATP10B	1
GO:0072562	blood microparticle	4/279	145/19556	0.0275862068965517	1.93360524039056	1.35748367402989	0.153562516660164	1	1	HBA1/HBA2/CD5L/SLC4A1	4
GO:0031045	dense core granule	2/279	49/19556	0.0408163265306122	2.86094652914929	1.56909045591124	0.154580810603038	1	1	ECRG4/SYT4	2
GO:0097545	axonemal doublet microtubule	2/279	49/19556	0.0408163265306122	2.86094652914929	1.56909045591124	0.154580810603038	1	1	TEKT1/CFAP107	2
GO:0014731	spectrin-associated cytoskeleton	1/279	12/19556	0.0833333333333333	5.84109916367981	2.01808364516889	0.158426981154661	1	1	RHBG	1
GO:0044224	juxtaparanode region of axon	1/279	12/19556	0.0833333333333333	5.84109916367981	2.01808364516889	0.158426981154661	1	1	LGI3	1
GO:0097450	astrocyte end-foot	1/279	12/19556	0.0833333333333333	5.84109916367981	2.01808364516889	0.158426981154661	1	1	AQP4	1
GO:0099535	synapse-associated extracellular matrix	1/279	12/19556	0.0833333333333333	5.84109916367981	2.01808364516889	0.158426981154661	1	1	TNR	1
GO:1990742	microvesicle	1/279	12/19556	0.0833333333333333	5.84109916367981	2.01808364516889	0.158426981154661	1	1	SYT4	1
GO:0016324	apical plasma membrane	9/279	428/19556	0.0210280373831776	1.47392221887248	1.19262926302271	0.16018777834885	1	1	ECRG4/PTPRH/PTPRQ/CA4/AGER/CD300LG/ITLN1/ADCY8/GPIHBP1	9
GO:0031253	cell projection membrane	8/279	370/19556	0.0216216216216216	1.51552843165746	1.20440500588239	0.160691838966644	1	1	GRIA1/PTPRH/HHIP/GABRA3/CA4/FAM107A/CA9/ITLN1	8
GO:0031674	I band	4/279	149/19556	0.0268456375838926	1.88169637487672	1.29970345838255	0.164388560305009	1	1	ANKRD1/CACNA1S/CAV3/SLC4A1	4
GO:0000782	telomere cap complex	1/279	13/19556	0.0769230769230769	5.39178384339675	1.90558490945187	0.170440840766708	1	1	TERT	1
GO:0000783	nuclear telomere cap complex	1/279	13/19556	0.0769230769230769	5.39178384339675	1.90558490945187	0.170440840766708	1	1	TERT	1
GO:0042627	chylomicron	1/279	13/19556	0.0769230769230769	5.39178384339675	1.90558490945187	0.170440840766708	1	1	APOH	1
GO:0097227	sperm annulus	1/279	13/19556	0.0769230769230769	5.39178384339675	1.90558490945187	0.170440840766708	1	1	ADGB	1
GO:1902495	transmembrane transporter complex	10/279	495/19556	0.0202020202020202	1.41602403967995	1.12787111300618	0.171805864825281	1	1	HTR3C/GRIA1/CHRNB4/GABRQ/CACNA1S/CHRNA2/GABRA3/DPP6/HTR3A/KCNA4	10
GO:0030175	filopodium	3/279	102/19556	0.0294117647058824	2.06156441071052	1.293162995146	0.178656102066737	1	1	GPM6A/IGF2BP1/TUBB3	3
GO:0030315	T-tubule	2/279	54/19556	0.037037037037037	2.59604407274658	1.41290665795497	0.179891059293287	1	1	CACNA1S/CAV3	2
GO:0034707	chloride channel complex	2/279	54/19556	0.037037037037037	2.59604407274658	1.41290665795497	0.179891059293287	1	1	GABRQ/GABRA3	2
GO:0097470	ribbon synapse	1/279	14/19556	0.0714285714285714	5.00665642601126	1.8041510872737	0.182283802718613	1	1	SH3GL2	1
GO:1904724	tertiary granule lumen	2/279	55/19556	0.0363636363636364	2.54884327142392	1.38379470700801	0.185027563738952	1	1	PPBP/FOLR3	2
GO:0034774	secretory granule lumen	7/279	327/19556	0.0214067278287462	1.50046584021133	1.09794669142934	0.187836496627583	1	1	PF4/RETN/CLEC3B/APOH/PPBP/FOLR3/VEGFD	7
GO:0005879	axonemal microtubule	2/279	56/19556	0.0357142857142857	2.50332821300563	1.35531986507076	0.190184876545789	1	1	TEKT1/CFAP107	2
GO:0005859	muscle myosin complex	1/279	15/19556	0.0666666666666667	4.67287933094385	1.71194648844081	0.19395828941606	1	1	MYH2	1
GO:0140445	chromosome, telomeric repeat region	1/279	15/19556	0.0666666666666667	4.67287933094385	1.71194648844081	0.19395828941606	1	1	TERT	1
GO:0060205	cytoplasmic vesicle lumen	7/279	332/19556	0.0210843373493976	1.47786846309971	1.05649348017151	0.1976246906356	1	1	PF4/RETN/CLEC3B/APOH/PPBP/FOLR3/VEGFD	7
GO:0031983	vesicle lumen	7/279	333/19556	0.021021021021021	1.47343041966698	1.04828405844392	0.199606303523063	1	1	PF4/RETN/CLEC3B/APOH/PPBP/FOLR3/VEGFD	7
GO:0005791	rough endoplasmic reticulum	2/279	60/19556	0.0333333333333333	2.33643966547192	1.24727871814241	0.210990209566869	1	1	MYOC/CA4	2
GO:0031526	brush border membrane	2/279	60/19556	0.0333333333333333	2.33643966547192	1.24727871814241	0.210990209566869	1	1	CA4/ITLN1	2
GO:0032591	dendritic spine membrane	1/279	17/19556	0.0588235294117647	4.12312882142104	1.54979580327794	0.216811356079737	1	1	GRIA1	1
GO:0035580	specific granule lumen	2/279	62/19556	0.032258064516129	2.26107064400509	1.1964541709034	0.221477266541317	1	1	RETN/FOLR3	2
GO:0000159	protein phosphatase type 2A complex	1/279	18/19556	0.0555555555555556	3.89406610911987	1.47780092988374	0.227994611704577	1	1	PPP2R2C	1
GO:0043197	dendritic spine	4/279	172/19556	0.0232558139534884	1.63007418521297	0.998494087268709	0.231244173601671	1	1	GRIA1/GPM6A/IGF2BP1/KCNA4	4
GO:0032420	stereocilium	2/279	64/19556	0.03125	2.19041218637993	1.14754688357447	0.232005326473516	1	1	PTPRQ/PCDH15	2
GO:0032589	neuron projection membrane	2/279	64/19556	0.03125	2.19041218637993	1.14754688357447	0.232005326473516	1	1	GRIA1/GABRA3	2
GO:0044309	neuron spine	4/279	173/19556	0.023121387283237	1.62065179107879	0.98644268083506	0.234297016221187	1	1	GRIA1/GPM6A/IGF2BP1/KCNA4	4
GO:0098982	GABA-ergic synapse	3/279	118/19556	0.0254237288135593	1.78203025332604	1.02506181843533	0.237548282909741	1	1	GABRQ/GABRA3/NXPH4	3
GO:0098862	cluster of actin-based cell projections	4/279	175/19556	0.0228571428571429	1.6021300563236	0.962570456266011	0.240431808732219	1	1	PTPRQ/CA4/ITLN1/PCDH15	4
GO:0033268	node of Ranvier	1/279	20/19556	0.05	3.50465949820788	1.34820879421565	0.249886010052958	1	1	MYOC	1
GO:0030139	endocytic vesicle	7/279	358/19556	0.0195530726256983	1.37053723393604	0.851249094459335	0.251467649195487	1	1	GRIA1/CHRM2/SH3GL2/HBA1/HBA2/CSF3/SFTPC	7
GO:0097733	photoreceptor cell cilium	3/279	122/19556	0.0245901639344262	1.72360303190552	0.964518322462194	0.252782140582809	1	1	USH1G/GNGT1/PCDH15	3
GO:0005771	multivesicular body	2/279	68/19556	0.0294117647058824	2.06156441071052	1.05494169913223	0.253142244039262	1	1	CD300LG/SFTPC	2
GO:0098839	postsynaptic density membrane	3/279	124/19556	0.0241935483870968	1.69580298300382	0.935081933287367	0.260452224959924	1	1	GRIA1/CHRM1/NETO1	3
GO:0005922	connexin complex	1/279	21/19556	0.0476190476190476	3.33777095067418	1.28948467602714	0.260598633066636	1	1	GJB6	1
GO:0034361	very-low-density lipoprotein particle	1/279	21/19556	0.0476190476190476	3.33777095067418	1.28948467602714	0.260598633066636	1	1	APOH	1
GO:0034385	triglyceride-rich plasma lipoprotein particle	1/279	21/19556	0.0476190476190476	3.33777095067418	1.28948467602714	0.260598633066636	1	1	APOH	1
GO:0099092	postsynaptic density, intracellular component	1/279	21/19556	0.0476190476190476	3.33777095067418	1.28948467602714	0.260598633066636	1	1	GRIA1	1
GO:0140152	collagenous component of interstitial matrix	1/279	21/19556	0.0476190476190476	3.33777095067418	1.28948467602714	0.260598633066636	1	1	COL11A1	1
GO:0005697	telomerase holoenzyme complex	1/279	22/19556	0.0454545454545455	3.1860540892799	1.23420681529647	0.271158806159772	1	1	TERT	1
GO:0005865	striated muscle thin filament	1/279	22/19556	0.0454545454545455	3.1860540892799	1.23420681529647	0.271158806159772	1	1	TNNC1	1
GO:0140047	specialized extracellular matrix	1/279	22/19556	0.0454545454545455	3.1860540892799	1.23420681529647	0.271158806159772	1	1	TNR	1
GO:0030669	clathrin-coated endocytic vesicle membrane	2/279	72/19556	0.0277777777777778	1.94703305455994	0.968508894337813	0.27432208973163	1	1	CHRM2/SH3GL2	2
GO:0032421	stereocilium bundle	2/279	74/19556	0.027027027027027	1.89441053957183	0.927357709275475	0.284905771592758	1	1	PTPRQ/PCDH15	2
GO:0032982	myosin filament	1/279	24/19556	0.0416666666666667	2.9205495818399	1.13258048639274	0.291830419243791	1	1	MYH2	1
GO:0043194	axon initial segment	1/279	24/19556	0.0416666666666667	2.9205495818399	1.13258048639274	0.291830419243791	1	1	KCNA4	1
GO:0030658	transport vesicle membrane	5/279	254/19556	0.0196850393700787	1.37978720401885	0.732938135314063	0.297087721300005	1	1	GRIA1/SYT12/SYT4/ABCA12/CA4	5
GO:0044295	axonal growth cone	1/279	25/19556	0.04	2.80372759856631	1.08565041528972	0.301946091629158	1	1	GPM6A	1
GO:0097381	photoreceptor disc membrane	1/279	25/19556	0.04	2.80372759856631	1.08565041528972	0.301946091629158	1	1	GNGT1	1
GO:0030665	clathrin-coated vesicle membrane	3/279	136/19556	0.0220588235294118	1.54617330803289	0.768929639031468	0.306969616784856	1	1	CHRM2/SH3GL2/ADCY8	3
GO:0036379	myofilament	1/279	26/19556	0.0384615384615385	2.69589192169837	1.04098629498659	0.311917779737061	1	1	TNNC1	1
GO:0099091	postsynaptic specialization, intracellular component	1/279	26/19556	0.0384615384615385	2.69589192169837	1.04098629498659	0.311917779737061	1	1	GRIA1	1
GO:0099572	postsynaptic specialization	7/279	387/19556	0.0180878552971576	1.26783547738787	0.640228709148933	0.315965117028946	1	1	ADGRA1/GRIA1/CHRNB4/CHRM1/GABRA3/NETO1/ADCY8	7
GO:0015030	Cajal body	2/279	80/19556	0.025	1.75232974910394	0.811175142895071	0.316536258200322	1	1	USH1G/RDM1	2
GO:0030667	secretory granule membrane	6/279	324/19556	0.0185185185185185	1.29802203637329	0.650758644616197	0.317061986473349	1	1	CEACAM8/CHRNB4/SYT4/ABCA12/CA4/MCEMP1	6
GO:0016460	myosin II complex	1/279	27/19556	0.037037037037037	2.59604407274658	0.998384999336053	0.321747525740817	1	1	MYH2	1
GO:0034364	high-density lipoprotein particle	1/279	27/19556	0.037037037037037	2.59604407274658	0.998384999336053	0.321747525740817	1	1	APOH	1
GO:0046930	pore complex	1/279	27/19556	0.037037037037037	2.59604407274658	0.998384999336053	0.321747525740817	1	1	C8B	1
GO:0030662	coated vesicle membrane	4/279	202/19556	0.0198019801980198	1.38798395968629	0.666830376875402	0.325973188288882	1	1	GRIA1/CHRM2/SH3GL2/ADCY8	4
GO:0032585	multivesicular body membrane	1/279	28/19556	0.0357142857142857	2.50332821300563	0.957668556993916	0.331437342952058	1	1	CD300LG	1
GO:0044233	mitochondria-associated endoplasmic reticulum membrane contact site	1/279	28/19556	0.0357142857142857	2.50332821300563	0.957668556993916	0.331437342952058	1	1	BCL2L10	1
GO:0032281	AMPA glutamate receptor complex	1/279	29/19556	0.0344827586206897	2.4170065504882	0.918680254013007	0.340989216227169	1	1	GRIA1	1
GO:0099523	presynaptic cytosol	1/279	29/19556	0.0344827586206897	2.4170065504882	0.918680254013007	0.340989216227169	1	1	SH3GL2	1
GO:0030672	synaptic vesicle membrane	3/279	145/19556	0.0206896551724138	1.45020393029292	0.654606956898685	0.342088027592548	1	1	GRIA1/SYT12/SYT4	3
GO:0099501	exocytic vesicle membrane	3/279	145/19556	0.0206896551724138	1.45020393029292	0.654606956898685	0.342088027592548	1	1	GRIA1/SYT12/SYT4	3
GO:0097731	9+0 non-motile cilium	3/279	147/19556	0.0204081632653061	1.43047326457465	0.630252474285806	0.349883657452979	1	1	USH1G/GNGT1/PCDH15	3
GO:0005921	gap junction	1/279	30/19556	0.0333333333333333	2.33643966547192	0.881281452372561	0.350405102368032	1	1	GJB6	1
GO:0097229	sperm end piece	1/279	30/19556	0.0333333333333333	2.33643966547192	0.881281452372561	0.350405102368032	1	1	TUBB3	1
GO:0120111	neuron projection cytoplasm	2/279	87/19556	0.0229885057471264	1.61133770032546	0.687511980902975	0.35301305854209	1	1	CHRNA2/NETO1	2
GO:0098984	neuron to neuron synapse	7/279	404/19556	0.0173267326732673	1.2144859647255	0.524075409958138	0.35510665734957	1	1	ADGRA1/GRIA1/SYT12/CHRM1/RS1/NETO1/ADCY8	7
GO:0150034	distal axon	5/279	276/19556	0.0181159420289855	1.26980416601735	0.543076443998273	0.358775076454558	1	1	NMU/GPM6A/CHRM1/IGF2BP1/TUBB3	5
GO:0001891	phagocytic cup	1/279	31/19556	0.032258064516129	2.26107064400509	0.845348973759854	0.359686930517131	1	1	AGER	1
GO:0016342	catenin complex	1/279	31/19556	0.032258064516129	2.26107064400509	0.845348973759854	0.359686930517131	1	1	CDH19	1
GO:0030057	desmosome	1/279	31/19556	0.032258064516129	2.26107064400509	0.845348973759854	0.359686930517131	1	1	DSG3	1
GO:0008076	voltage-gated potassium channel complex	2/279	89/19556	0.0224719101123595	1.57512786436309	0.65421603745517	0.363316699726078	1	1	DPP6/KCNA4	2
GO:0000792	heterochromatin	2/279	90/19556	0.0222222222222222	1.55762644364795	0.637877882539476	0.368445471780859	1	1	CENPA/HMGA2	2
GO:0098992	neuronal dense core vesicle	1/279	32/19556	0.03125	2.19041218637993	0.810772933406693	0.36883660254713	1	1	SYT4	1
GO:0005758	mitochondrial intermembrane space	2/279	91/19556	0.021978021978022	1.54050966954193	0.621739197046392	0.37355806834873	1	1	CDC25C/MYOC	2
GO:0005721	pericentric heterochromatin	1/279	33/19556	0.0303030303030303	2.12403605951993	0.777454935079477	0.377855993444966	1	1	CENPA	1
GO:0030136	clathrin-coated vesicle	4/279	222/19556	0.018018018018018	1.26294035971455	0.474006362237096	0.390633819876	1	1	CHRM2/SH3GL2/SFTPC/ADCY8	4
GO:0001750	photoreceptor outer segment	2/279	95/19556	0.0210526315789474	1.47564610450858	0.559080646487599	0.393835354478034	1	1	GNGT1/PCDH15	2
GO:0032993	protein-DNA complex	4/279	223/19556	0.0179372197309417	1.25727695002973	0.464852287865306	0.393856483761915	1	1	TERT/CENPA/HMGA2/H2BC9	4
GO:0005834	heterotrimeric G-protein complex	1/279	35/19556	0.0285714285714286	2.00266257040451	0.71424808144451	0.395511299630241	1	1	GNGT1	1
GO:0098644	complex of collagen trimers	1/279	35/19556	0.0285714285714286	2.00266257040451	0.71424808144451	0.395511299630241	1	1	COL11A1	1
GO:0005902	microvillus	2/279	97/19556	0.0206185567010309	1.44522041163212	0.528824981695653	0.403862732167725	1	1	PTPRH/CA9	2
GO:0034358	plasma lipoprotein particle	1/279	37/19556	0.027027027027027	1.89441053957183	0.65511912239053	0.412667325512732	1	1	APOH	1
GO:1990777	lipoprotein particle	1/279	37/19556	0.027027027027027	1.89441053957183	0.65511912239053	0.412667325512732	1	1	APOH	1
GO:0000932	P-body	2/279	99/19556	0.0202020202020202	1.41602403967995	0.499239997939069	0.413810730174948	1	1	IGF2BP1/TRIM71	2
GO:0034705	potassium channel complex	2/279	100/19556	0.02	1.40186379928315	0.484689258451521	0.418753840758127	1	1	DPP6/KCNA4	2
GO:0031904	endosome lumen	1/279	38/19556	0.0263157894736842	1.84455763063573	0.626923745713129	0.421062520767712	1	1	SFTPC	1
GO:0019898	extrinsic component of membrane	3/279	166/19556	0.0180722891566265	1.26674439694261	0.415213756042616	0.423073353173145	1	1	GNGT1/CDH19/FOLR3	3
GO:0030426	growth cone	3/279	166/19556	0.0180722891566265	1.26674439694261	0.415213756042616	0.423073353173145	1	1	GPM6A/IGF2BP1/TUBB3	3
GO:0031970	organelle envelope lumen	2/279	102/19556	0.0196078431372549	1.37437627380701	0.456052914607267	0.428576188411836	1	1	CDC25C/MYOC	2
GO:1905360	GTPase complex	1/279	39/19556	0.0256410256410256	1.79726128113225	0.599567017015328	0.42933814105185	1	1	GNGT1	1
GO:0032994	protein-lipid complex	1/279	40/19556	0.025	1.75232974910394	0.572999330259895	0.437495883463416	1	1	APOH	1
GO:0030427	site of polarized growth	3/279	171/19556	0.0175438596491228	1.22970508709049	0.362950211562224	0.441911407463751	1	1	GPM6A/IGF2BP1/TUBB3	3
GO:0019897	extrinsic component of plasma membrane	2/279	105/19556	0.019047619047619	1.33510838026967	0.414209694595503	0.443144212023028	1	1	GNGT1/CDH19	2
GO:0005796	Golgi lumen	2/279	107/19556	0.0186915887850467	1.3101530834422	0.387017534489979	0.452741727041122	1	1	AGRP/MMP11	2
GO:0016605	PML body	2/279	107/19556	0.0186915887850467	1.3101530834422	0.387017534489979	0.452741727041122	1	1	TERT/RDM1	2
GO:0005581	collagen trimer	1/279	42/19556	0.0238095238095238	1.66888547533709	0.522052943073154	0.453464403396247	1	1	COL11A1	1
GO:0043198	dendritic shaft	1/279	42/19556	0.0238095238095238	1.66888547533709	0.522052943073154	0.453464403396247	1	1	GRIA1	1
GO:0045171	intercellular bridge	1/279	42/19556	0.0238095238095238	1.66888547533709	0.522052943073154	0.453464403396247	1	1	TUBB3	1
GO:0008328	ionotropic glutamate receptor complex	1/279	43/19556	0.0232558139534884	1.63007418521297	0.497594051695493	0.461278456458277	1	1	GRIA1	1
GO:0005903	brush border	2/279	109/19556	0.018348623853211	1.28611357732399	0.360360098876757	0.462244609738782	1	1	CA4/ITLN1	2
GO:0098802	plasma membrane signaling receptor complex	5/279	313/19556	0.0159744408945687	1.11969952019421	0.256826289012401	0.462666719363638	1	1	HTR3C/GRIA1/CHRNB4/CHRNA2/HTR3A	5
GO:0032391	photoreceptor connecting cilium	1/279	44/19556	0.0227272727272727	1.59302704463995	0.473763100484098	0.468981183391508	1	1	USH1G	1
GO:0005891	voltage-gated calcium channel complex	1/279	45/19556	0.0222222222222222	1.55762644364795	0.450527329724961	0.476574164625301	1	1	CACNA1S	1
GO:0043209	myelin sheath	1/279	45/19556	0.0222222222222222	1.55762644364795	0.450527329724961	0.476574164625301	1	1	CALML3	1
GO:0030135	coated vesicle	5/279	321/19556	0.0155763239875389	1.09179423620183	0.199495508134799	0.484607241764754	1	1	GRIA1/CHRM2/SH3GL2/SFTPC/ADCY8	5
GO:0000786	nucleosome	2/279	114/19556	0.0175438596491228	1.22970508709049	0.295912872382347	0.485572875144411	1	1	CENPA/H2BC9	2
GO:0097730	non-motile cilium	3/279	184/19556	0.016304347826087	1.14282374941562	0.234171155759914	0.489694250162876	1	1	USH1G/GNGT1/PCDH15	3
GO:0043679	axon terminus	2/279	115/19556	0.0173913043478261	1.21901199937666	0.283379753411797	0.490162975050102	1	1	NMU/CHRM1	2
GO:0043195	terminal bouton	1/279	47/19556	0.0212765957446809	1.4913444673225	0.405722210358297	0.491437100244424	1	1	NMU	1
GO:0031256	leading edge membrane	3/279	186/19556	0.0161290322580645	1.13053532200254	0.215194414448981	0.496871181040786	1	1	GRIA1/GABRA3/FAM107A	3
GO:0009295	nucleoid	1/279	48/19556	0.0208333333333333	1.46027479091995	0.384098598685416	0.498710104961826	1	1	TERT	1
GO:0042645	mitochondrial nucleoid	1/279	48/19556	0.0208333333333333	1.46027479091995	0.384098598685416	0.498710104961826	1	1	TERT	1
GO:0031234	extrinsic component of cytoplasmic side of plasma membrane	1/279	49/19556	0.0204081632653061	1.43047326457465	0.362961256752393	0.505879465260967	1	1	GNGT1	1
GO:0097546	ciliary base	1/279	49/19556	0.0204081632653061	1.43047326457465	0.362961256752393	0.505879465260967	1	1	USH1G	1
GO:0005881	cytoplasmic microtubule	2/279	121/19556	0.0165289256198347	1.15856512337451	0.210484136748749	0.517156942166814	1	1	TEKT1/CFAP107	2
GO:0014704	intercalated disc	1/279	51/19556	0.0196078431372549	1.37437627380701	0.322056238509982	0.519913118795604	1	1	CAV3	1
GO:0030133	transport vesicle	7/279	478/19556	0.0146443514644351	1.02646930909854	0.0704857653354737	0.525493335061428	1	1	GRIA1/SYT12/SYT4/ABCA12/LGI3/PCSK2/CA4	7
GO:0008021	synaptic vesicle	4/279	266/19556	0.0150375939849624	1.05403293179185	0.106744258639662	0.52775467203706	1	1	GRIA1/SYT12/SYT4/LGI3	4
GO:0036126	sperm flagellum	4/279	266/19556	0.0150375939849624	1.05403293179185	0.106744258639662	0.52775467203706	1	1	TEKT1/ADGB/CFAP107/TUBB3	4
GO:0032154	cleavage furrow	1/279	53/19556	0.0188679245283019	1.32251301819165	0.282843213028975	0.533549586742402	1	1	HTR3A	1
GO:0016234	inclusion body	1/279	54/19556	0.0185185185185185	1.29802203637329	0.263825621484563	0.540222389147103	1	1	MIOX	1
GO:0008287	protein serine/threonine phosphatase complex	1/279	55/19556	0.0181818181818182	1.27442163571196	0.245178588429786	0.546800071099106	1	1	PPP2R2C	1
GO:1903293	phosphatase complex	1/279	55/19556	0.0181818181818182	1.27442163571196	0.245178588429786	0.546800071099106	1	1	PPP2R2C	1
GO:0016459	myosin complex	1/279	56/19556	0.0178571428571429	1.25166410650282	0.226886823461266	0.553283983727348	1	1	MYH2	1
GO:0097729	9+2 motile cilium	4/279	276/19556	0.0144927536231884	1.01584333281388	0.0318903187176499	0.556896932144345	1	1	TEKT1/ADGB/CFAP107/TUBB3	4
GO:0030666	endocytic vesicle membrane	3/279	204/19556	0.0147058823529412	1.03078220535526	0.0531695733326941	0.559042841465361	1	1	GRIA1/CHRM2/SH3GL2	3
GO:0014069	postsynaptic density	5/279	351/19556	0.0142450142450142	0.998478489517916	-0.00346045048402579	0.563700755603794	1	1	ADGRA1/GRIA1/CHRM1/NETO1/ADCY8	5
GO:0005923	bicellular tight junction	2/279	132/19556	0.0151515151515152	1.06201802975997	0.0860095913207731	0.564126985027707	1	1	CLDN18/DSG3	2
GO:0035577	azurophil granule membrane	1/279	58/19556	0.0172413793103448	1.2085032752441	0.19131240587426	0.565975810179648	1	1	CEACAM8	1
GO:0030018	Z disc	2/279	133/19556	0.0150375939849624	1.05403293179185	0.0752207200197418	0.568231462724357	1	1	CAV3/SLC4A1	2
GO:1904115	axon cytoplasm	1/279	59/19556	0.0169491525423729	1.18802016888403	0.174003440907955	0.572186331718261	1	1	NETO1	1
GO:0044306	neuron projection terminus	2/279	134/19556	0.0149253731343284	1.04616701439041	0.0645131877768083	0.572308055723032	1	1	NMU/CHRM1	2
GO:0012507	ER to Golgi transport vesicle membrane	1/279	60/19556	0.0166666666666667	1.16821983273596	0.156996999387137	0.578308299890319	1	1	GRIA1	1
GO:0070382	exocytic vesicle	4/279	284/19556	0.0140845070422535	0.987228027664193	-0.0260834499869929	0.579506299228211	1	1	GRIA1/SYT12/SYT4/LGI3	4
GO:0005793	endoplasmic reticulum-Golgi intermediate compartment	2/279	136/19556	0.0147058823529412	1.03078220535526	0.0433367022963113	0.580377424611554	1	1	GRIA1/CA4	2
GO:0070160	tight junction	2/279	138/19556	0.0144927536231884	1.01584333281388	0.022469588980136	0.588334833142168	1	1	CLDN18/DSG3	2
GO:0140151	solid phase of interstitial matrix	1/279	64/19556	0.015625	1.09520609318996	0.0917778369437621	0.601935536629677	1	1	COL11A1	1
GO:0032279	asymmetric synapse	5/279	368/19556	0.0135869565217391	0.952353124513012	-0.111008125449295	0.60571000118382	1	1	ADGRA1/GRIA1/CHRM1/NETO1/ADCY8	5
GO:0032153	cell division site	1/279	66/19556	0.0151515151515152	1.06201802975997	0.0607149024258291	0.613249712842915	1	1	HTR3A	1
GO:0097542	ciliary tip	1/279	66/19556	0.0151515151515152	1.06201802975997	0.0607149024258291	0.613249712842915	1	1	TUBB3	1
GO:0090575	RNA polymerase II transcription regulator complex	3/279	221/19556	0.0135746606334842	0.951491266481779	-0.0872479583071688	0.613333085476772	1	1	POU4F1/RXRG/HOXB9	3
GO:0016328	lateral plasma membrane	1/279	69/19556	0.0144927536231884	1.01584333281388	0.0158602447976186	0.629622946342159	1	1	CLDN18	1
GO:0097228	sperm principal piece	1/279	69/19556	0.0144927536231884	1.01584333281388	0.0158602447976186	0.629622946342159	1	1	TUBB3	1
GO:0044232	organelle membrane contact site	1/279	71/19556	0.0140845070422535	0.987228027664193	-0.0129702463993912	0.640152845686893	1	1	BCL2L10	1
GO:0034704	calcium channel complex	1/279	72/19556	0.0138888888888889	0.973516527279968	-0.0270840376255109	0.645305391545419	1	1	CACNA1S	1
GO:0005766	primary lysosome	2/279	154/19556	0.012987012987013	0.910301168365685	-0.134442068122216	0.647964287082266	1	1	CEACAM8/RETN	2
GO:0042582	azurophil granule	2/279	154/19556	0.012987012987013	0.910301168365685	-0.134442068122216	0.647964287082266	1	1	CEACAM8/RETN	2
GO:0043204	perikaryon	2/279	154/19556	0.012987012987013	0.910301168365685	-0.134442068122216	0.647964287082266	1	1	TMEM100/EFNA2	2
GO:0005930	axoneme	3/279	234/19556	0.0128205128205128	0.898630640566125	-0.187672171904015	0.651717968635261	1	1	TEKT1/CFAP107/C1orf87	3
GO:0097014	ciliary plasm	3/279	234/19556	0.0128205128205128	0.898630640566125	-0.187672171904015	0.651717968635261	1	1	TEKT1/CFAP107/C1orf87	3
GO:0043296	apical junction complex	2/279	157/19556	0.0127388535031847	0.892906878524302	-0.162081340562067	0.658353391293997	1	1	CLDN18/DSG3	2
GO:0044291	cell-cell contact zone	1/279	75/19556	0.0133333333333333	0.934575866188769	-0.0682926991967551	0.660326092462953	1	1	CAV3	1
GO:0005905	clathrin-coated pit	1/279	78/19556	0.0128205128205128	0.898630640566124	-0.107917806847876	0.674712876180514	1	1	ADCY8	1
GO:0016529	sarcoplasmic reticulum	1/279	79/19556	0.0126582278481013	0.887255569166553	-0.120797765299072	0.679372240979037	1	1	CACNA1S	1
GO:0033116	endoplasmic reticulum-Golgi intermediate compartment membrane	1/279	81/19556	0.0123456790123457	0.865348024248861	-0.146092457475696	0.688492403670662	1	1	GRIA1	1
GO:0009898	cytoplasmic side of plasma membrane	2/279	167/19556	0.0119760479041916	0.839439400768356	-0.250686414434155	0.691219025011479	1	1	GNGT1/SLC4A1	2
GO:0035869	ciliary transition zone	1/279	84/19556	0.0119047619047619	0.834442737668544	-0.182933770966351	0.701690218489904	1	1	USH1G	1
GO:0097225	sperm midpiece	1/279	84/19556	0.0119047619047619	0.834442737668544	-0.182933770966351	0.701690218489904	1	1	ADGB	1
GO:0001725	stress fiber	1/279	85/19556	0.0117647058823529	0.824625764284208	-0.194936163228355	0.705964480457926	1	1	FAM107A	1
GO:0097517	contractile actin filament bundle	1/279	85/19556	0.0117647058823529	0.824625764284208	-0.194936163228355	0.705964480457926	1	1	FAM107A	1
GO:0031514	motile cilium	4/279	337/19556	0.0118694362017804	0.831966646458845	-0.374331470309643	0.711297814900506	1	1	TEKT1/ADGB/CFAP107/TUBB3	4
GO:0060170	ciliary membrane	1/279	87/19556	0.0114942528735632	0.805668850162732	-0.218545320703506	0.71433079344932	1	1	HHIP	1
GO:0015629	actin cytoskeleton	6/279	498/19556	0.0120481927710843	0.844496264628406	-0.42289068970506	0.717710212036607	1	1	TNNC1/USH1G/FAM107A/GJB6/MYH2/ADCY8	6
GO:0016528	sarcoplasm	1/279	90/19556	0.0111111111111111	0.778813221823974	-0.253019122955596	0.726437575342704	1	1	CACNA1S	1
GO:0035578	azurophil granule lumen	1/279	90/19556	0.0111111111111111	0.778813221823974	-0.253019122955596	0.726437575342704	1	1	RETN	1
GO:0005775	vacuolar lumen	2/279	179/19556	0.0111731843575419	0.78316413367774	-0.350611093628625	0.727181374872809	1	1	RETN/CSF3	2
GO:0031902	late endosome membrane	2/279	179/19556	0.0111731843575419	0.78316413367774	-0.350611093628625	0.727181374872809	1	1	ATP10B/CD300LG	2
GO:0030134	COPII-coated ER to Golgi transport vesicle	1/279	91/19556	0.010989010989011	0.770254834770964	-0.264272005856708	0.730358458753748	1	1	GRIA1	1
GO:0032580	Golgi cisterna membrane	1/279	92/19556	0.0108695652173913	0.76188249961041	-0.275410484199205	0.73422334393267	1	1	B4GALNT4	1
GO:0042641	actomyosin	1/279	92/19556	0.0108695652173913	0.76188249961041	-0.275410484199205	0.73422334393267	1	1	FAM107A	1
GO:0032432	actin filament bundle	1/279	94/19556	0.0106382978723404	0.745672233661252	-0.297355008426742	0.741788296026342	1	1	FAM107A	1
GO:0031252	cell leading edge	5/279	438/19556	0.0114155251141553	0.800150570367097	-0.508897160735518	0.75197098119866	1	1	GRIA1/GABRA3/IGF2BP1/TUBB3/FAM107A	5
GO:0005614	interstitial matrix	1/279	98/19556	0.0102040816326531	0.715236632287323	-0.339984679239589	0.756280538199661	1	1	COL11A1	1
GO:0010494	cytoplasmic stress granule	1/279	99/19556	0.0101010101010101	0.708012019839977	-0.350393402086728	0.759775128077464	1	1	IGF2BP1	1
GO:0043202	lysosomal lumen	1/279	100/19556	0.01	0.700931899641577	-0.360707025733098	0.763219787545337	1	1	CSF3	1
GO:0032587	ruffle membrane	1/279	101/19556	0.0099009900990099	0.693991979843146	-0.370927614456634	0.766615227475171	1	1	FAM107A	1
GO:0005604	basement membrane	1/279	102/19556	0.00980392156862745	0.687188136903507	-0.381057165931471	0.769962148654015	1	1	FREM3	1
GO:0005811	lipid droplet	1/279	102/19556	0.00980392156862745	0.687188136903507	-0.381057165931471	0.769962148654015	1	1	FABP4	1
GO:0030863	cortical cytoskeleton	1/279	108/19556	0.00925925925925926	0.649011018186645	-0.440026848777198	0.789062790847112	1	1	SLC4A1	1
GO:0055038	recycling endosome membrane	1/279	108/19556	0.00925925925925926	0.649011018186645	-0.440026848777198	0.789062790847112	1	1	GRIA1	1
GO:0030027	lamellipodium	2/279	208/19556	0.00961538461538462	0.673972980424593	-0.568693821641778	0.799688958789614	1	1	IGF2BP1/TUBB3	2
GO:0030880	RNA polymerase complex	1/279	112/19556	0.00892857142857143	0.625832053251408	-0.477742715728664	0.800910071092907	1	1	TERT	1
GO:0031985	Golgi cisterna	1/279	115/19556	0.00869565217391304	0.609505999688328	-0.505260414187619	0.809358279169628	1	1	B4GALNT4	1
GO:0140168	nuclear ribonucleoprotein granule	5/279	482/19556	0.0103734439834025	0.727107779711179	-0.729802039805008	0.820857617744703	1	1	TERT/USH1G/CDC25C/FAM107A/RDM1	5
GO:0005884	actin filament	1/279	120/19556	0.00833333333333333	0.584109916367981	-0.54976492855949	0.822652171894213	1	1	GJB6	1
GO:0016607	nuclear speck	4/279	408/19556	0.00980392156862745	0.687188136903507	-0.76817978646038	0.83692348069453	1	1	TERT/USH1G/CDC25C/FAM107A	4
GO:0036064	ciliary basal body	2/279	231/19556	0.00865800865800866	0.606867445577123	-0.723096958840826	0.844525849350587	1	1	USH1G/C11orf97	2
GO:0098562	cytoplasmic side of membrane	2/279	232/19556	0.00862068965517241	0.604251637622049	-0.729501001655849	0.846252219821789	1	1	GNGT1/SLC4A1	2
GO:0005770	late endosome	3/279	329/19556	0.00911854103343465	0.639147628852502	-0.794114337767482	0.851299822735906	1	1	ATP10B/CD300LG/SFTPC	3
GO:0005741	mitochondrial outer membrane	2/279	235/19556	0.00851063829787234	0.596537786929002	-0.748571494752424	0.851327617829829	1	1	MYOC/BCL2L10	2
GO:0031461	cullin-RING ubiquitin ligase complex	2/279	239/19556	0.00836820083682008	0.586553890913454	-0.773676325833726	0.857858094901023	1	1	PRAME/ZYG11A	2
GO:0036464	cytoplasmic ribonucleoprotein granule	2/279	246/19556	0.00813008130081301	0.569863333041933	-0.816759454267378	0.868660474303439	1	1	IGF2BP1/TRIM71	2
GO:0005795	Golgi stack	1/279	150/19556	0.00666666666666667	0.467287933094385	-0.787918755650617	0.88510465480109	1	1	B4GALNT4	1
GO:0031968	organelle outer membrane	2/279	264/19556	0.00757575757575758	0.531009014879983	-0.922973261586439	0.893071883798846	1	1	MYOC/BCL2L10	2
GO:0019867	outer membrane	2/279	266/19556	0.0075187969924812	0.527016465895923	-0.934398246077157	0.89550826345138	1	1	MYOC/BCL2L10	2
GO:0031965	nuclear membrane	2/279	272/19556	0.00735294117647059	0.51539110267763	-0.968252355414207	0.902511771533799	1	1	ADRA1A/BCL2L10	2
GO:0072686	mitotic spindle	1/279	169/19556	0.00591715976331361	0.414752603338211	-0.919260979613811	0.912752626331582	1	1	TUBB3	1
GO:0000776	kinetochore	1/279	178/19556	0.00561797752808989	0.393781966090774	-0.977452507761907	0.923425849975163	1	1	CENPA	1
GO:0000781	chromosome, telomeric region	1/279	178/19556	0.00561797752808989	0.393781966090774	-0.977452507761907	0.923425849975163	1	1	TERT	1
GO:0005925	focal adhesion	3/279	403/19556	0.00744416873449132	0.521785533231943	-1.1669926397028	0.929299729674494	1	1	SLC6A4/CAV3/FAM107A	3
GO:0000779	condensed chromosome, centromeric region	1/279	189/19556	0.00529100529100529	0.370863438963797	-1.04557679940154	0.934719628035806	1	1	CENPA	1
GO:0001726	ruffle	1/279	190/19556	0.00526315789473684	0.368911526127146	-1.05161887672353	0.93566005369688	1	1	FAM107A	1
GO:0030055	cell-substrate junction	3/279	414/19556	0.0072463768115942	0.50792166640694	-1.21745255656105	0.936991129635537	1	1	SLC6A4/CAV3/FAM107A	3
GO:0005912	adherens junction	1/279	199/19556	0.0050251256281407	0.352227085247024	-1.10494735395133	0.943538995079269	1	1	CDH19	1
GO:0005681	spliceosomal complex	1/279	209/19556	0.00478468899521531	0.335374114661042	-1.16213041387118	0.951170556151984	1	1	DQX1	1
GO:0031901	early endosome membrane	1/279	209/19556	0.00478468899521531	0.335374114661042	-1.16213041387118	0.951170556151984	1	1	GRIA1	1
GO:0055037	recycling endosome	1/279	212/19556	0.00471698113207547	0.330628254547914	-1.17889046042437	0.953252829710285	1	1	GRIA1	1
GO:0005788	endoplasmic reticulum lumen	2/279	337/19556	0.00593471810089021	0.415983323229423	-1.30102635395739	0.954913045381101	1	1	ARSH/COL11A1	2
GO:0005769	early endosome	3/279	446/19556	0.00672645739910314	0.471478856261151	-1.358347038004	0.955196003634358	1	1	GRIA1/SH3GL2/AGER	3
GO:0005635	nuclear envelope	3/279	457/19556	0.00656455142231947	0.460130349874121	-1.40492450354976	0.960227714948158	1	1	ADRA1A/SCGB1A1/BCL2L10	3
GO:0000228	nuclear chromosome	1/279	230/19556	0.00434782608695652	0.304752999844164	-1.27597845736952	0.964013923595734	1	1	HMGA2	1
GO:0000151	ubiquitin ligase complex	2/279	360/19556	0.00555555555555556	0.389406610911987	-1.40672519437736	0.965932748684024	1	1	PRAME/ZYG11A	2
GO:0005874	microtubule	3/279	491/19556	0.00610997963340122	0.428267963121127	-1.54356939073793	0.972635118390486	1	1	TEKT1/CFAP107/TUBB3	3
GO:0000775	chromosome, centromeric region	1/279	256/19556	0.00390625	0.273801523297491	-1.4070448788599	0.975349417059678	1	1	CENPA	1
GO:0098791	Golgi apparatus subcompartment	2/279	404/19556	0.00495049504950495	0.346995989921573	-1.59555122743873	0.980247113273982	1	1	B4GALNT4/CA4	2
GO:0061695	transferase complex, transferring phosphorus-containing groups	1/279	276/19556	0.0036231884057971	0.25396083320347	-1.50166805712422	0.981580188965465	1	1	TERT	1
GO:0098687	chromosomal region	2/279	416/19556	0.00480769230769231	0.336986490212297	-1.64440718052193	0.983006646550367	1	1	TERT/CENPA	2
GO:0005802	trans-Golgi network	1/279	285/19556	0.00350877192982456	0.245941017418097	-1.54271929082596	0.983845329089167	1	1	CA4	1
GO:0000793	condensed chromosome	1/279	290/19556	0.00344827586206897	0.24170065504882	-1.56514720461243	0.984981482836303	1	1	CENPA	1
GO:0005819	spindle	2/279	432/19556	0.00462962962962963	0.324505509093323	-1.70799110816774	0.986111416004143	1	1	TUBB3/BCL2L10	2
GO:0005938	cell cortex	1/279	323/19556	0.00309597523219814	0.217006780074792	-1.70705311694772	0.990723371183338	1	1	SLC4A1	1
GO:0005765	lysosomal membrane	2/279	464/19556	0.00431034482758621	0.302125818811025	-1.83029754349934	0.990756049518813	1	1	CEACAM8/ATP10B	2
GO:0098852	lytic vacuole membrane	2/279	464/19556	0.00431034482758621	0.302125818811025	-1.83029754349934	0.990756049518813	1	1	CEACAM8/ATP10B	2
GO:0000109	nucleotide-excision repair complex	0/279	12/19556	0	0	-0.416864760860404	1	1	1		0
GO:0000118	histone deacetylase complex	0/279	79/19556	0	0	-1.07142999797056	1	1	1		0
GO:0000123	histone acetyltransferase complex	0/279	88/19556	0	0	-1.13107643775152	1	1	1		0
GO:0000124	SAGA complex	0/279	22/19556	0	0	-0.564582011647768	1	1	1		0
GO:0000137	Golgi cis cisterna	0/279	29/19556	0	0	-0.648324634559027	1	1	1		0
GO:0000145	exocyst	0/279	17/19556	0	0	-0.496231789303129	1	1	1		0
GO:0000152	nuclear ubiquitin ligase complex	0/279	45/19556	0	0	-0.807937526738591	1	1	1		0
GO:0000153	cytoplasmic ubiquitin ligase complex	0/279	13/19556	0	0	-0.433897700206036	1	1	1		0
GO:0000164	protein phosphatase type 1 complex	0/279	21/19556	0	0	-0.551587261213623	1	1	1		0
GO:0000172	ribonuclease MRP complex	0/279	11/19556	0	0	-0.399107411962378	1	1	1		0
GO:0000176	nuclear exosome (RNase complex)	0/279	16/19556	0	0	-0.481403229849255	1	1	1		0
GO:0000177	cytoplasmic exosome (RNase complex)	0/279	12/19556	0	0	-0.416864760860404	1	1	1		0
GO:0000178	exosome (RNase complex)	0/279	20/19556	0	0	-0.53828027130247	1	1	1		0
GO:0000220	vacuolar proton-transporting V-type ATPase, V0 domain	0/279	11/19556	0	0	-0.399107411962378	1	1	1		0
GO:0000221	vacuolar proton-transporting V-type ATPase, V1 domain	0/279	12/19556	0	0	-0.416864760860404	1	1	1		0
GO:0000235	astral microtubule	0/279	11/19556	0	0	-0.399107411962378	1	1	1		0
GO:0000242	pericentriolar material	0/279	23/19556	0	0	-0.577285608802785	1	1	1		0
GO:0000307	cyclin-dependent protein kinase holoenzyme complex	0/279	66/19556	0	0	-0.978987927556231	1	1	1		0
GO:0000313	organellar ribosome	0/279	80/19556	0	0	-1.07821755534886	1	1	1		0
GO:0000314	organellar small ribosomal subunit	0/279	27/19556	0	0	-0.625537236962363	1	1	1		0
GO:0000315	organellar large ribosomal subunit	0/279	52/19556	0	0	-0.868662584553022	1	1	1		0
GO:0000346	transcription export complex	0/279	12/19556	0	0	-0.416864760860404	1	1	1		0
GO:0000407	phagophore assembly site	0/279	39/19556	0	0	-0.752033280938765	1	1	1		0
GO:0000421	autophagosome membrane	0/279	63/19556	0	0	-0.956405844604421	1	1	1		0
GO:0000428	DNA-directed RNA polymerase complex	0/279	109/19556	0	0	-1.25950016859454	1	1	1		0
GO:0000439	transcription factor TFIIH core complex	0/279	11/19556	0	0	-0.399107411962378	1	1	1		0
GO:0000502	proteasome complex	0/279	65/19556	0	0	-0.971518121213461	1	1	1		0
GO:0000791	euchromatin	0/279	61/19556	0	0	-0.94105408842937	1	1	1		0
GO:0000794	condensed nuclear chromosome	0/279	83/19556	0	0	-1.09833267111305	1	1	1		0
GO:0000795	synaptonemal complex	0/279	42/19556	0	0	-0.78048180491595	1	1	1		0
GO:0000800	lateral element	0/279	15/19556	0	0	-0.466104746218514	1	1	1		0
GO:0000803	sex chromosome	0/279	33/19556	0	0	-0.691663695746134	1	1	1		0
GO:0000812	Swr1 complex	0/279	14/19556	0	0	-0.450288443890802	1	1	1		0
GO:0000813	ESCRT I complex	0/279	12/19556	0	0	-0.416864760860404	1	1	1		0
GO:0000815	ESCRT III complex	0/279	11/19556	0	0	-0.399107411962378	1	1	1		0
GO:0000922	spindle pole	0/279	187/19556	0	0	-1.65302146016879	1	1	1		0
GO:0000930	gamma-tubulin complex	0/279	18/19556	0	0	-0.510631365754515	1	1	1		0
GO:0000931	gamma-tubulin ring complex	0/279	11/19556	0	0	-0.399107411962378	1	1	1		0
GO:0000940	outer kinetochore	0/279	20/19556	0	0	-0.53828027130247	1	1	1		0
GO:0000974	Prp19 complex	0/279	13/19556	0	0	-0.433897700206036	1	1	1		0
GO:0001401	SAM complex	0/279	13/19556	0	0	-0.433897700206036	1	1	1		0
GO:0001518	voltage-gated sodium channel complex	0/279	14/19556	0	0	-0.450288443890802	1	1	1		0
GO:0001527	microfibril	0/279	29/19556	0	0	-0.648324634559027	1	1	1		0
GO:0001534	radial spoke	0/279	16/19556	0	0	-0.481403229849255	1	1	1		0
GO:0001650	fibrillar center	0/279	108/19556	0	0	-1.25367709978768	1	1	1		0
GO:0001669	acrosomal vesicle	0/279	162/19556	0	0	-1.53757071861919	1	1	1		0
GO:0001673	male germ cell nucleus	0/279	31/19556	0	0	-0.670342282391948	1	1	1		0
GO:0001741	XY body	0/279	16/19556	0	0	-0.481403229849255	1	1	1		0
GO:0001772	immunological synapse	0/279	47/19556	0	0	-0.825738839737444	1	1	1		0
GO:0001931	uropod	0/279	15/19556	0	0	-0.466104746218514	1	1	1		0
GO:0001939	female pronucleus	0/279	10/19556	0	0	-0.380524251953553	1	1	1		0
GO:0002080	acrosomal membrane	0/279	36/19556	0	0	-0.722474680826183	1	1	1		0
GO:0002102	podosome	0/279	40/19556	0	0	-0.761633221260175	1	1	1		0
GO:0002116	semaphorin receptor complex	0/279	14/19556	0	0	-0.450288443890802	1	1	1		0
GO:0002177	manchette	0/279	26/19556	0	0	-0.613828205481441	1	1	1		0
GO:0002178	palmitoyltransferase complex	0/279	11/19556	0	0	-0.399107411962378	1	1	1		0
GO:0005637	nuclear inner membrane	0/279	56/19556	0	0	-0.901546218148226	1	1	1		0
GO:0005640	nuclear outer membrane	0/279	32/19556	0	0	-0.681085881582137	1	1	1		0
GO:0005641	nuclear envelope lumen	0/279	11/19556	0	0	-0.399107411962378	1	1	1		0
GO:0005643	nuclear pore	0/279	93/19556	0	0	-1.16291472873947	1	1	1		0
GO:0005652	nuclear lamina	0/279	15/19556	0	0	-0.466104746218514	1	1	1		0
GO:0005657	replication fork	0/279	77/19556	0	0	-1.05772634583001	1	1	1		0
GO:0005662	DNA replication factor A complex	0/279	13/19556	0	0	-0.433897700206036	1	1	1		0
GO:0005665	RNA polymerase II, core complex	0/279	17/19556	0	0	-0.496231789303129	1	1	1		0
GO:0005666	RNA polymerase III complex	0/279	18/19556	0	0	-0.510631365754515	1	1	1		0
GO:0005669	transcription factor TFIID complex	0/279	44/19556	0	0	-0.798889535926207	1	1	1		0
GO:0005675	transcription factor TFIIH holo complex	0/279	12/19556	0	0	-0.416864760860404	1	1	1		0
GO:0005677	chromatin silencing complex	0/279	15/19556	0	0	-0.466104746218514	1	1	1		0
GO:0005680	anaphase-promoting complex	0/279	22/19556	0	0	-0.564582011647768	1	1	1		0
GO:0005682	U5 snRNP	0/279	23/19556	0	0	-0.577285608802785	1	1	1		0
GO:0005684	U2-type spliceosomal complex	0/279	94/19556	0	0	-1.16918027751121	1	1	1		0
GO:0005685	U1 snRNP	0/279	31/19556	0	0	-0.670342282391948	1	1	1		0
GO:0005686	U2 snRNP	0/279	22/19556	0	0	-0.564582011647768	1	1	1		0
GO:0005687	U4 snRNP	0/279	11/19556	0	0	-0.399107411962378	1	1	1		0
GO:0005688	U6 snRNP	0/279	11/19556	0	0	-0.399107411962378	1	1	1		0
GO:0005689	U12-type spliceosomal complex	0/279	26/19556	0	0	-0.613828205481441	1	1	1		0
GO:0005732	sno(s)RNA-containing ribonucleoprotein complex	0/279	30/19556	0	0	-0.659424794954258	1	1	1		0
GO:0005736	RNA polymerase I complex	0/279	13/19556	0	0	-0.433897700206036	1	1	1		0
GO:0005742	mitochondrial outer membrane translocase complex	0/279	24/19556	0	0	-0.589716869120204	1	1	1		0
GO:0005744	TIM23 mitochondrial import inner membrane translocase complex	0/279	15/19556	0	0	-0.466104746218514	1	1	1		0
GO:0005761	mitochondrial ribosome	0/279	80/19556	0	0	-1.07821755534886	1	1	1		0
GO:0005762	mitochondrial large ribosomal subunit	0/279	52/19556	0	0	-0.868662584553022	1	1	1		0
GO:0005763	mitochondrial small ribosomal subunit	0/279	27/19556	0	0	-0.625537236962363	1	1	1		0
GO:0005767	secondary lysosome	0/279	27/19556	0	0	-0.625537236962363	1	1	1		0
GO:0005776	autophagosome	0/279	126/19556	0	0	-1.35475312152724	1	1	1		0
GO:0005777	peroxisome	0/279	149/19556	0	0	-1.4740941387723	1	1	1		0
GO:0005778	peroxisomal membrane	0/279	65/19556	0	0	-0.971518121213461	1	1	1		0
GO:0005782	peroxisomal matrix	0/279	51/19556	0	0	-0.860247459688104	1	1	1		0
GO:0005786	signal recognition particle, endoplasmic reticulum targeting	0/279	14/19556	0	0	-0.450288443890802	1	1	1		0
GO:0005790	smooth endoplasmic reticulum	0/279	29/19556	0	0	-0.648324634559027	1	1	1		0
GO:0005797	Golgi medial cisterna	0/279	10/19556	0	0	-0.380524251953553	1	1	1		0
GO:0005798	Golgi-associated vesicle	0/279	97/19556	0	0	-1.18778242838654	1	1	1		0
GO:0005801	cis-Golgi network	0/279	77/19556	0	0	-1.05772634583001	1	1	1		0
GO:0005814	centriole	0/279	173/19556	0	0	-1.58936572006095	1	1	1		0
GO:0005818	aster	0/279	11/19556	0	0	-0.399107411962378	1	1	1		0
GO:0005828	kinetochore microtubule	0/279	20/19556	0	0	-0.53828027130247	1	1	1		0
GO:0005832	chaperonin-containing T-complex	0/279	11/19556	0	0	-0.399107411962378	1	1	1		0
GO:0005838	proteasome regulatory particle	0/279	22/19556	0	0	-0.564582011647768	1	1	1		0
GO:0005839	proteasome core complex	0/279	20/19556	0	0	-0.53828027130247	1	1	1		0
GO:0005840	ribosome	0/279	231/19556	0	0	-1.83932098908049	1	1	1		0
GO:0005847	mRNA cleavage and polyadenylation specificity factor complex	0/279	23/19556	0	0	-0.577285608802785	1	1	1		0
GO:0005849	mRNA cleavage factor complex	0/279	28/19556	0	0	-0.637032251978583	1	1	1		0
GO:0005852	eukaryotic translation initiation factor 3 complex	0/279	16/19556	0	0	-0.481403229849255	1	1	1		0
GO:0005858	axonemal dynein complex	0/279	23/19556	0	0	-0.577285608802785	1	1	1		0
GO:0005868	cytoplasmic dynein complex	0/279	23/19556	0	0	-0.577285608802785	1	1	1		0
GO:0005871	kinesin complex	0/279	47/19556	0	0	-0.825738839737444	1	1	1		0
GO:0005875	microtubule associated complex	0/279	152/19556	0	0	-1.48897514782271	1	1	1		0
GO:0005876	spindle microtubule	0/279	83/19556	0	0	-1.09833267111305	1	1	1		0
GO:0005883	neurofilament	0/279	11/19556	0	0	-0.399107411962378	1	1	1		0
GO:0005890	sodium:potassium-exchanging ATPase complex	0/279	12/19556	0	0	-0.416864760860404	1	1	1		0
GO:0005940	septin ring	0/279	13/19556	0	0	-0.433897700206036	1	1	1		0
GO:0005942	phosphatidylinositol 3-kinase complex	0/279	15/19556	0	0	-0.466104746218514	1	1	1		0
GO:0005952	cAMP-dependent protein kinase complex	0/279	10/19556	0	0	-0.380524251953553	1	1	1		0
GO:0008023	transcription elongation factor complex	0/279	51/19556	0	0	-0.860247459688104	1	1	1		0
GO:0008180	COP9 signalosome	0/279	35/19556	0	0	-0.712351395700709	1	1	1		0
GO:0008250	oligosaccharyltransferase complex	0/279	13/19556	0	0	-0.433897700206036	1	1	1		0
GO:0008278	cohesin complex	0/279	11/19556	0	0	-0.399107411962378	1	1	1		0
GO:0008305	integrin complex	0/279	30/19556	0	0	-0.659424794954258	1	1	1		0
GO:0008540	proteasome regulatory particle, base subcomplex	0/279	12/19556	0	0	-0.416864760860404	1	1	1		0
GO:0010369	chromocenter	0/279	14/19556	0	0	-0.450288443890802	1	1	1		0
GO:0012510	trans-Golgi network transport vesicle membrane	0/279	22/19556	0	0	-0.564582011647768	1	1	1		0
GO:0014701	junctional sarcoplasmic reticulum membrane	0/279	11/19556	0	0	-0.399107411962378	1	1	1		0
GO:0015934	large ribosomal subunit	0/279	110/19556	0	0	-1.26529703389357	1	1	1		0
GO:0015935	small ribosomal subunit	0/279	68/19556	0	0	-0.993761366233198	1	1	1		0
GO:0016235	aggresome	0/279	12/19556	0	0	-0.416864760860404	1	1	1		0
GO:0016281	eukaryotic translation initiation factor 4F complex	0/279	13/19556	0	0	-0.433897700206036	1	1	1		0
GO:0016282	eukaryotic 43S preinitiation complex	0/279	18/19556	0	0	-0.510631365754515	1	1	1		0
GO:0016327	apicolateral plasma membrane	0/279	22/19556	0	0	-0.564582011647768	1	1	1		0
GO:0016363	nuclear matrix	0/279	129/19556	0	0	-1.37089209816672	1	1	1		0
GO:0016442	RISC complex	0/279	399/19556	0	0	-2.42791784035109	1	1	1		0
GO:0016469	proton-transporting two-sector ATPase complex	0/279	50/19556	0	0	-0.851750074694942	1	1	1		0
GO:0016471	vacuolar proton-transporting V-type ATPase complex	0/279	27/19556	0	0	-0.625537236962363	1	1	1		0
GO:0016514	SWI/SNF complex	0/279	26/19556	0	0	-0.613828205481441	1	1	1		0
GO:0016581	NuRD complex	0/279	16/19556	0	0	-0.481403229849255	1	1	1		0
GO:0016591	RNA polymerase II, holoenzyme	0/279	82/19556	0	0	-1.09166812922846	1	1	1		0
GO:0016592	mediator complex	0/279	38/19556	0	0	-0.742310202373307	1	1	1		0
GO:0017053	transcription repressor complex	0/279	66/19556	0	0	-0.978987927556231	1	1	1		0
GO:0017101	aminoacyl-tRNA synthetase multienzyme complex	0/279	11/19556	0	0	-0.399107411962378	1	1	1		0
GO:0017119	Golgi transport complex	0/279	10/19556	0	0	-0.380524251953553	1	1	1		0
GO:0019005	SCF ubiquitin ligase complex	0/279	65/19556	0	0	-0.971518121213461	1	1	1		0
GO:0019774	proteasome core complex, beta-subunit complex	0/279	11/19556	0	0	-0.399107411962378	1	1	1		0
GO:0019814	immunoglobulin complex	0/279	168/19556	0	0	-1.56602764164274	1	1	1		0
GO:0019908	nuclear cyclin-dependent protein kinase holoenzyme complex	0/279	24/19556	0	0	-0.589716869120204	1	1	1		0
GO:0022624	proteasome accessory complex	0/279	25/19556	0	0	-0.6018926672479	1	1	1		0
GO:0022625	cytosolic large ribosomal subunit	0/279	56/19556	0	0	-0.901546218148226	1	1	1		0
GO:0022626	cytosolic ribosome	0/279	117/19556	0	0	-1.30517052994454	1	1	1		0
GO:0022627	cytosolic small ribosomal subunit	0/279	39/19556	0	0	-0.752033280938765	1	1	1		0
GO:0030008	TRAPP complex	0/279	16/19556	0	0	-0.481403229849255	1	1	1		0
GO:0030014	CCR4-NOT complex	0/279	16/19556	0	0	-0.481403229849255	1	1	1		0
GO:0030117	membrane coat	0/279	96/19556	0	0	-1.18161361557913	1	1	1		0
GO:0030118	clathrin coat	0/279	51/19556	0	0	-0.860247459688104	1	1	1		0
GO:0030119	AP-type membrane coat adaptor complex	0/279	42/19556	0	0	-0.78048180491595	1	1	1		0
GO:0030120	vesicle coat	0/279	64/19556	0	0	-0.96399120968695	1	1	1		0
GO:0030121	AP-1 adaptor complex	0/279	13/19556	0	0	-0.433897700206036	1	1	1		0
GO:0030122	AP-2 adaptor complex	0/279	12/19556	0	0	-0.416864760860404	1	1	1		0
GO:0030123	AP-3 adaptor complex	0/279	11/19556	0	0	-0.399107411962378	1	1	1		0
GO:0030125	clathrin vesicle coat	0/279	36/19556	0	0	-0.722474680826183	1	1	1		0
GO:0030126	COPI vesicle coat	0/279	13/19556	0	0	-0.433897700206036	1	1	1		0
GO:0030127	COPII vesicle coat	0/279	16/19556	0	0	-0.481403229849255	1	1	1		0
GO:0030128	clathrin coat of endocytic vesicle	0/279	12/19556	0	0	-0.416864760860404	1	1	1		0
GO:0030130	clathrin coat of trans-Golgi network vesicle	0/279	19/19556	0	0	-0.524637283148247	1	1	1		0
GO:0030131	clathrin adaptor complex	0/279	28/19556	0	0	-0.637032251978583	1	1	1		0
GO:0030132	clathrin coat of coated pit	0/279	18/19556	0	0	-0.510631365754515	1	1	1		0
GO:0030137	COPI-coated vesicle	0/279	25/19556	0	0	-0.6018926672479	1	1	1		0
GO:0030140	trans-Golgi network transport vesicle	0/279	40/19556	0	0	-0.761633221260175	1	1	1		0
GO:0030286	dynein complex	0/279	54/19556	0	0	-0.885255414985841	1	1	1		0
GO:0030496	midbody	0/279	186/19556	0	0	-1.64855313602235	1	1	1		0
GO:0030532	small nuclear ribonucleoprotein complex	0/279	96/19556	0	0	-1.18161361557913	1	1	1		0
GO:0030660	Golgi-associated vesicle membrane	0/279	58/19556	0	0	-0.917551082352481	1	1	1		0
GO:0030663	COPI-coated vesicle membrane	0/279	18/19556	0	0	-0.510631365754515	1	1	1		0
GO:0030670	phagocytic vesicle membrane	0/279	83/19556	0	0	-1.09833267111305	1	1	1		0
GO:0030673	axolemma	0/279	14/19556	0	0	-0.450288443890802	1	1	1		0
GO:0030677	ribonuclease P complex	0/279	14/19556	0	0	-0.450288443890802	1	1	1		0
GO:0030681	multimeric ribonuclease P complex	0/279	10/19556	0	0	-0.380524251953553	1	1	1		0
GO:0030684	preribosome	0/279	104/19556	0	0	-1.23011532003504	1	1	1		0
GO:0030686	90S preribosome	0/279	27/19556	0	0	-0.625537236962363	1	1	1		0
GO:0030687	preribosome, large subunit precursor	0/279	16/19556	0	0	-0.481403229849255	1	1	1		0
GO:0030688	preribosome, small subunit precursor	0/279	14/19556	0	0	-0.450288443890802	1	1	1		0
GO:0030864	cortical actin cytoskeleton	0/279	77/19556	0	0	-1.05772634583001	1	1	1		0
GO:0030867	rough endoplasmic reticulum membrane	0/279	28/19556	0	0	-0.637032251978583	1	1	1		0
GO:0030868	smooth endoplasmic reticulum membrane	0/279	10/19556	0	0	-0.380524251953553	1	1	1		0
GO:0030877	beta-catenin destruction complex	0/279	12/19556	0	0	-0.416864760860404	1	1	1		0
GO:0030894	replisome	0/279	24/19556	0	0	-0.589716869120204	1	1	1		0
GO:0030897	HOPS complex	0/279	12/19556	0	0	-0.416864760860404	1	1	1		0
GO:0030904	retromer complex	0/279	22/19556	0	0	-0.564582011647768	1	1	1		0
GO:0030964	NADH dehydrogenase complex	0/279	47/19556	0	0	-0.825738839737444	1	1	1		0
GO:0030990	intraciliary transport particle	0/279	25/19556	0	0	-0.6018926672479	1	1	1		0
GO:0030991	intraciliary transport particle A	0/279	23/19556	0	0	-0.577285608802785	1	1	1		0
GO:0030992	intraciliary transport particle B	0/279	18/19556	0	0	-0.510631365754515	1	1	1		0
GO:0031010	ISWI-type complex	0/279	14/19556	0	0	-0.450288443890802	1	1	1		0
GO:0031011	Ino80 complex	0/279	15/19556	0	0	-0.466104746218514	1	1	1		0
GO:0031074	nucleocytoplasmic transport complex	0/279	10/19556	0	0	-0.380524251953553	1	1	1		0
GO:0031080	nuclear pore outer ring	0/279	10/19556	0	0	-0.380524251953553	1	1	1		0
GO:0031082	BLOC complex	0/279	20/19556	0	0	-0.53828027130247	1	1	1		0
GO:0031083	BLOC-1 complex	0/279	15/19556	0	0	-0.466104746218514	1	1	1		0
GO:0031092	platelet alpha granule membrane	0/279	17/19556	0	0	-0.496231789303129	1	1	1		0
GO:0031094	platelet dense tubular network	0/279	11/19556	0	0	-0.399107411962378	1	1	1		0
GO:0031105	septin complex	0/279	13/19556	0	0	-0.433897700206036	1	1	1		0
GO:0031143	pseudopodium	0/279	17/19556	0	0	-0.496231789303129	1	1	1		0
GO:0031201	SNARE complex	0/279	46/19556	0	0	-0.816886218504304	1	1	1		0
GO:0031209	SCAR complex	0/279	11/19556	0	0	-0.399107411962378	1	1	1		0
GO:0031248	protein acetyltransferase complex	0/279	98/19556	0	0	-1.1939199974016	1	1	1		0
GO:0031254	cell trailing edge	0/279	16/19556	0	0	-0.481403229849255	1	1	1		0
GO:0031258	lamellipodium membrane	0/279	24/19556	0	0	-0.589716869120204	1	1	1		0
GO:0031261	DNA replication preinitiation complex	0/279	13/19556	0	0	-0.433897700206036	1	1	1		0
GO:0031312	extrinsic component of organelle membrane	0/279	28/19556	0	0	-0.637032251978583	1	1	1		0
GO:0031332	RNAi effector complex	0/279	400/19556	0	0	-2.4310218907563	1	1	1		0
GO:0031414	N-terminal protein acetyltransferase complex	0/279	10/19556	0	0	-0.380524251953553	1	1	1		0
GO:0031430	M band	0/279	29/19556	0	0	-0.648324634559027	1	1	1		0
GO:0031463	Cul3-RING ubiquitin ligase complex	0/279	64/19556	0	0	-0.96399120968695	1	1	1		0
GO:0031464	Cul4A-RING E3 ubiquitin ligase complex	0/279	14/19556	0	0	-0.450288443890802	1	1	1		0
GO:0031466	Cul5-RING ubiquitin ligase complex	0/279	19/19556	0	0	-0.524637283148247	1	1	1		0
GO:0031519	PcG protein complex	0/279	49/19556	0	0	-0.843167942406452	1	1	1		0
GO:0031527	filopodium membrane	0/279	18/19556	0	0	-0.510631365754515	1	1	1		0
GO:0031588	nucleotide-activated protein kinase complex	0/279	11/19556	0	0	-0.399107411962378	1	1	1		0
GO:0031616	spindle pole centrosome	0/279	15/19556	0	0	-0.466104746218514	1	1	1		0
GO:0031672	A band	0/279	41/19556	0	0	-0.771114622503866	1	1	1		0
GO:0031903	microbody membrane	0/279	65/19556	0	0	-0.971518121213461	1	1	1		0
GO:0031907	microbody lumen	0/279	51/19556	0	0	-0.860247459688104	1	1	1		0
GO:0031941	filamentous actin	0/279	30/19556	0	0	-0.659424794954258	1	1	1		0
GO:0032009	early phagosome	0/279	14/19556	0	0	-0.450288443890802	1	1	1		0
GO:0032039	integrator complex	0/279	20/19556	0	0	-0.53828027130247	1	1	1		0
GO:0032040	small-subunit processome	0/279	73/19556	0	0	-1.02978082996541	1	1	1		0
GO:0032045	guanyl-nucleotide exchange factor complex	0/279	27/19556	0	0	-0.625537236962363	1	1	1		0
GO:0032156	septin cytoskeleton	0/279	15/19556	0	0	-0.466104746218514	1	1	1		0
GO:0032280	symmetric synapse	0/279	10/19556	0	0	-0.380524251953553	1	1	1		0
GO:0032426	stereocilium tip	0/279	20/19556	0	0	-0.53828027130247	1	1	1		0
GO:0032433	filopodium tip	0/279	18/19556	0	0	-0.510631365754515	1	1	1		0
GO:0032437	cuticular plate	0/279	11/19556	0	0	-0.399107411962378	1	1	1		0
GO:0032588	trans-Golgi network membrane	0/279	116/19556	0	0	-1.29954748297733	1	1	1		0
GO:0032797	SMN complex	0/279	10/19556	0	0	-0.380524251953553	1	1	1		0
GO:0032806	carboxy-terminal domain protein kinase complex	0/279	20/19556	0	0	-0.53828027130247	1	1	1		0
GO:0032839	dendrite cytoplasm	0/279	28/19556	0	0	-0.637032251978583	1	1	1		0
GO:0033017	sarcoplasmic reticulum membrane	0/279	44/19556	0	0	-0.798889535926207	1	1	1		0
GO:0033018	sarcoplasmic reticulum lumen	0/279	10/19556	0	0	-0.380524251953553	1	1	1		0
GO:0033106	cis-Golgi network membrane	0/279	13/19556	0	0	-0.433897700206036	1	1	1		0
GO:0033162	melanosome membrane	0/279	24/19556	0	0	-0.589716869120204	1	1	1		0
GO:0033176	proton-transporting V-type ATPase complex	0/279	28/19556	0	0	-0.637032251978583	1	1	1		0
GO:0033177	proton-transporting two-sector ATPase complex, proton-transporting domain	0/279	15/19556	0	0	-0.466104746218514	1	1	1		0
GO:0033178	proton-transporting two-sector ATPase complex, catalytic domain	0/279	13/19556	0	0	-0.433897700206036	1	1	1		0
GO:0033179	proton-transporting V-type ATPase, V0 domain	0/279	12/19556	0	0	-0.416864760860404	1	1	1		0
GO:0033180	proton-transporting V-type ATPase, V1 domain	0/279	12/19556	0	0	-0.416864760860404	1	1	1		0
GO:0033270	paranode region of axon	0/279	10/19556	0	0	-0.380524251953553	1	1	1		0
GO:0033276	transcription factor TFTC complex	0/279	14/19556	0	0	-0.450288443890802	1	1	1		0
GO:0033290	eukaryotic 48S preinitiation complex	0/279	17/19556	0	0	-0.496231789303129	1	1	1		0
GO:0033391	chromatoid body	0/279	14/19556	0	0	-0.450288443890802	1	1	1		0
GO:0034045	phagophore assembly site membrane	0/279	22/19556	0	0	-0.564582011647768	1	1	1		0
GO:0034362	low-density lipoprotein particle	0/279	15/19556	0	0	-0.466104746218514	1	1	1		0
GO:0034399	nuclear periphery	0/279	31/19556	0	0	-0.670342282391948	1	1	1		0
GO:0034451	centriolar satellite	0/279	84/19556	0	0	-1.10495769494005	1	1	1		0
GO:0034515	proteasome storage granule	0/279	19/19556	0	0	-0.524637283148247	1	1	1		0
GO:0034518	RNA cap binding complex	0/279	17/19556	0	0	-0.496231789303129	1	1	1		0
GO:0034663	endoplasmic reticulum chaperone complex	0/279	11/19556	0	0	-0.399107411962378	1	1	1		0
GO:0034706	sodium channel complex	0/279	24/19556	0	0	-0.589716869120204	1	1	1		0
GO:0034708	methyltransferase complex	0/279	104/19556	0	0	-1.23011532003504	1	1	1		0
GO:0034709	methylosome	0/279	12/19556	0	0	-0.416864760860404	1	1	1		0
GO:0034719	SMN-Sm protein complex	0/279	17/19556	0	0	-0.496231789303129	1	1	1		0
GO:0034992	microtubule organizing center attachment site	0/279	11/19556	0	0	-0.399107411962378	1	1	1		0
GO:0034993	meiotic nuclear membrane microtubule tethering complex	0/279	11/19556	0	0	-0.399107411962378	1	1	1		0
GO:0035097	histone methyltransferase complex	0/279	70/19556	0	0	-1.00832134081639	1	1	1		0
GO:0035098	ESC/E(Z) complex	0/279	16/19556	0	0	-0.481403229849255	1	1	1		0
GO:0035102	PRC1 complex	0/279	18/19556	0	0	-0.510631365754515	1	1	1		0
GO:0035145	exon-exon junction complex	0/279	21/19556	0	0	-0.551587261213623	1	1	1		0
GO:0035253	ciliary rootlet	0/279	10/19556	0	0	-0.380524251953553	1	1	1		0
GO:0035267	NuA4 histone acetyltransferase complex	0/279	28/19556	0	0	-0.637032251978583	1	1	1		0
GO:0035371	microtubule plus-end	0/279	27/19556	0	0	-0.625537236962363	1	1	1		0
GO:0035631	CD40 receptor complex	0/279	11/19556	0	0	-0.399107411962378	1	1	1		0
GO:0035859	Seh1-associated complex	0/279	15/19556	0	0	-0.466104746218514	1	1	1		0
GO:0035861	site of double-strand break	0/279	103/19556	0	0	-1.22415555327283	1	1	1		0
GO:0036019	endolysosome	0/279	34/19556	0	0	-0.702083218400121	1	1	1		0
GO:0036020	endolysosome membrane	0/279	19/19556	0	0	-0.524637283148247	1	1	1		0
GO:0036038	MKS complex	0/279	13/19556	0	0	-0.433897700206036	1	1	1		0
GO:0036128	CatSper complex	0/279	14/19556	0	0	-0.450288443890802	1	1	1		0
GO:0036157	outer dynein arm	0/279	11/19556	0	0	-0.399107411962378	1	1	1		0
GO:0036396	RNA N6-methyladenosine methyltransferase complex	0/279	10/19556	0	0	-0.380524251953553	1	1	1		0
GO:0036452	ESCRT complex	0/279	29/19556	0	0	-0.648324634559027	1	1	1		0
GO:0038201	TOR complex	0/279	12/19556	0	0	-0.416864760860404	1	1	1		0
GO:0042101	T cell receptor complex	0/279	143/19556	0	0	-1.44388624631001	1	1	1		0
GO:0042105	alpha-beta T cell receptor complex	0/279	10/19556	0	0	-0.380524251953553	1	1	1		0
GO:0042382	paraspeckles	0/279	10/19556	0	0	-0.380524251953553	1	1	1		0
GO:0042405	nuclear inclusion body	0/279	12/19556	0	0	-0.416864760860404	1	1	1		0
GO:0042470	melanosome	0/279	111/19556	0	0	-1.27106805428933	1	1	1		0
GO:0042555	MCM complex	0/279	11/19556	0	0	-0.399107411962378	1	1	1		0
GO:0042571	immunoglobulin complex, circulating	0/279	12/19556	0	0	-0.416864760860404	1	1	1		0
GO:0042575	DNA polymerase complex	0/279	19/19556	0	0	-0.524637283148247	1	1	1		0
GO:0042579	microbody	0/279	149/19556	0	0	-1.4740941387723	1	1	1		0
GO:0042583	chromaffin granule	0/279	14/19556	0	0	-0.450288443890802	1	1	1		0
GO:0042588	zymogen granule	0/279	20/19556	0	0	-0.53828027130247	1	1	1		0
GO:0042589	zymogen granule membrane	0/279	18/19556	0	0	-0.510631365754515	1	1	1		0
GO:0042611	MHC protein complex	0/279	22/19556	0	0	-0.564582011647768	1	1	1		0
GO:0042613	MHC class II protein complex	0/279	14/19556	0	0	-0.450288443890802	1	1	1		0
GO:0042622	photoreceptor outer segment membrane	0/279	17/19556	0	0	-0.496231789303129	1	1	1		0
GO:0043020	NADPH oxidase complex	0/279	15/19556	0	0	-0.466104746218514	1	1	1		0
GO:0043034	costamere	0/279	16/19556	0	0	-0.481403229849255	1	1	1		0
GO:0043073	germ cell nucleus	0/279	36/19556	0	0	-0.722474680826183	1	1	1		0
GO:0043083	synaptic cleft	0/279	28/19556	0	0	-0.637032251978583	1	1	1		0
GO:0043186	P granule	0/279	27/19556	0	0	-0.625537236962363	1	1	1		0
GO:0043189	H4/H2A histone acetyltransferase complex	0/279	28/19556	0	0	-0.637032251978583	1	1	1		0
GO:0043218	compact myelin	0/279	15/19556	0	0	-0.466104746218514	1	1	1		0
GO:0043220	Schmidt-Lanterman incisure	0/279	12/19556	0	0	-0.416864760860404	1	1	1		0
GO:0043240	Fanconi anaemia nuclear complex	0/279	13/19556	0	0	-0.433897700206036	1	1	1		0
GO:0043256	laminin trimer	0/279	13/19556	0	0	-0.433897700206036	1	1	1		0
GO:0043596	nuclear replication fork	0/279	45/19556	0	0	-0.807937526738591	1	1	1		0
GO:0043601	nuclear replisome	0/279	22/19556	0	0	-0.564582011647768	1	1	1		0
GO:0044194	cytolytic granule	0/279	15/19556	0	0	-0.466104746218514	1	1	1		0
GO:0044292	dendrite terminus	0/279	16/19556	0	0	-0.481403229849255	1	1	1		0
GO:0044305	calyx of Held	0/279	19/19556	0	0	-0.524637283148247	1	1	1		0
GO:0044322	endoplasmic reticulum quality control compartment	0/279	24/19556	0	0	-0.589716869120204	1	1	1		0
GO:0044391	ribosomal subunit	0/279	175/19556	0	0	-1.59860888217926	1	1	1		0
GO:0044615	nuclear pore nuclear basket	0/279	13/19556	0	0	-0.433897700206036	1	1	1		0
GO:0044665	MLL1/2 complex	0/279	30/19556	0	0	-0.659424794954258	1	1	1		0
GO:0044666	MLL3/4 complex	0/279	11/19556	0	0	-0.399107411962378	1	1	1		0
GO:0044753	amphisome	0/279	13/19556	0	0	-0.433897700206036	1	1	1		0
GO:0044754	autolysosome	0/279	19/19556	0	0	-0.524637283148247	1	1	1		0
GO:0045009	chitosome	0/279	24/19556	0	0	-0.589716869120204	1	1	1		0
GO:0045120	pronucleus	0/279	17/19556	0	0	-0.496231789303129	1	1	1		0
GO:0045239	tricarboxylic acid cycle heteromeric enzyme complex	0/279	14/19556	0	0	-0.450288443890802	1	1	1		0
GO:0045240	alpha-ketoacid dehydrogenase complex	0/279	19/19556	0	0	-0.524637283148247	1	1	1		0
GO:0045259	proton-transporting ATP synthase complex	0/279	21/19556	0	0	-0.551587261213623	1	1	1		0
GO:0045271	respiratory chain complex I	0/279	47/19556	0	0	-0.825738839737444	1	1	1		0
GO:0045275	respiratory chain complex III	0/279	12/19556	0	0	-0.416864760860404	1	1	1		0
GO:0045277	respiratory chain complex IV	0/279	22/19556	0	0	-0.564582011647768	1	1	1		0
GO:0045335	phagocytic vesicle	0/279	149/19556	0	0	-1.4740941387723	1	1	1		0
GO:0045495	pole plasm	0/279	27/19556	0	0	-0.625537236962363	1	1	1		0
GO:0046540	U4/U6 x U5 tri-snRNP complex	0/279	40/19556	0	0	-0.761633221260175	1	1	1		0
GO:0048188	Set1C/COMPASS complex	0/279	13/19556	0	0	-0.433897700206036	1	1	1		0
GO:0048475	coated membrane	0/279	96/19556	0	0	-1.18161361557913	1	1	1		0
GO:0048500	signal recognition particle	0/279	14/19556	0	0	-0.450288443890802	1	1	1		0
GO:0048770	pigment granule	0/279	111/19556	0	0	-1.27106805428933	1	1	1		0
GO:0051233	spindle midzone	0/279	38/19556	0	0	-0.742310202373307	1	1	1		0
GO:0055029	nuclear DNA-directed RNA polymerase complex	0/279	87/19556	0	0	-1.12460262230999	1	1	1		0
GO:0060077	inhibitory synapse	0/279	19/19556	0	0	-0.524637283148247	1	1	1		0
GO:0060091	kinocilium	0/279	11/19556	0	0	-0.399107411962378	1	1	1		0
GO:0060187	cell pole	0/279	12/19556	0	0	-0.416864760860404	1	1	1		0
GO:0060198	clathrin-sculpted vesicle	0/279	15/19556	0	0	-0.466104746218514	1	1	1		0
GO:0060293	germ plasm	0/279	27/19556	0	0	-0.625537236962363	1	1	1		0
GO:0061700	GATOR2 complex	0/279	11/19556	0	0	-0.399107411962378	1	1	1		0
GO:0061702	canonical inflammasome complex	0/279	16/19556	0	0	-0.481403229849255	1	1	1		0
GO:0061827	sperm head	0/279	22/19556	0	0	-0.564582011647768	1	1	1		0
GO:0070069	cytochrome complex	0/279	36/19556	0	0	-0.722474680826183	1	1	1		0
GO:0070461	SAGA-type complex	0/279	36/19556	0	0	-0.722474680826183	1	1	1		0
GO:0070603	SWI/SNF superfamily-type complex	0/279	86/19556	0	0	-1.11809199452115	1	1	1		0
GO:0070822	Sin3-type complex	0/279	14/19556	0	0	-0.450288443890802	1	1	1		0
GO:0070938	contractile ring	0/279	11/19556	0	0	-0.399107411962378	1	1	1		0
GO:0070971	endoplasmic reticulum exit site	0/279	30/19556	0	0	-0.659424794954258	1	1	1		0
GO:0070993	cytosolic translation preinitiation complex	0/279	19/19556	0	0	-0.524637283148247	1	1	1		0
GO:0071004	U2-type prespliceosome	0/279	17/19556	0	0	-0.496231789303129	1	1	1		0
GO:0071005	U2-type precatalytic spliceosome	0/279	50/19556	0	0	-0.851750074694942	1	1	1		0
GO:0071006	U2-type catalytic step 1 spliceosome	0/279	12/19556	0	0	-0.416864760860404	1	1	1		0
GO:0071007	U2-type catalytic step 2 spliceosome	0/279	30/19556	0	0	-0.659424794954258	1	1	1		0
GO:0071010	prespliceosome	0/279	17/19556	0	0	-0.496231789303129	1	1	1		0
GO:0071011	precatalytic spliceosome	0/279	56/19556	0	0	-0.901546218148226	1	1	1		0
GO:0071012	catalytic step 1 spliceosome	0/279	12/19556	0	0	-0.416864760860404	1	1	1		0
GO:0071013	catalytic step 2 spliceosome	0/279	92/19556	0	0	-1.15661588815857	1	1	1		0
GO:0071014	post-mRNA release spliceosomal complex	0/279	11/19556	0	0	-0.399107411962378	1	1	1		0
GO:0071162	CMG complex	0/279	10/19556	0	0	-0.380524251953553	1	1	1		0
GO:0071203	WASH complex	0/279	13/19556	0	0	-0.433897700206036	1	1	1		0
GO:0071339	MLL1 complex	0/279	29/19556	0	0	-0.648324634559027	1	1	1		0
GO:0071546	pi-body	0/279	10/19556	0	0	-0.380524251953553	1	1	1		0
GO:0071564	npBAF complex	0/279	12/19556	0	0	-0.416864760860404	1	1	1		0
GO:0071565	nBAF complex	0/279	14/19556	0	0	-0.450288443890802	1	1	1		0
GO:0071782	endoplasmic reticulum tubular network	0/279	29/19556	0	0	-0.648324634559027	1	1	1		0
GO:0071953	elastic fiber	0/279	37/19556	0	0	-0.73245908160267	1	1	1		0
GO:0072379	ER membrane insertion complex	0/279	14/19556	0	0	-0.450288443890802	1	1	1		0
GO:0072546	EMC complex	0/279	10/19556	0	0	-0.380524251953553	1	1	1		0
GO:0072687	meiotic spindle	0/279	17/19556	0	0	-0.496231789303129	1	1	1		0
GO:0080008	Cul4-RING E3 ubiquitin ligase complex	0/279	38/19556	0	0	-0.742310202373307	1	1	1		0
GO:0090443	FAR/SIN/STRIPAK complex	0/279	17/19556	0	0	-0.496231789303129	1	1	1		0
GO:0090533	cation-transporting ATPase complex	0/279	47/19556	0	0	-0.825738839737444	1	1	1		0
GO:0090543	Flemming body	0/279	25/19556	0	0	-0.6018926672479	1	1	1		0
GO:0090545	CHD-type complex	0/279	16/19556	0	0	-0.481403229849255	1	1	1		0
GO:0090734	site of DNA damage	0/279	143/19556	0	0	-1.44388624631001	1	1	1		0
GO:0090741	pigment granule membrane	0/279	24/19556	0	0	-0.589716869120204	1	1	1		0
GO:0097038	perinuclear endoplasmic reticulum	0/279	23/19556	0	0	-0.577285608802785	1	1	1		0
GO:0097197	tetraspanin-enriched microdomain	0/279	10/19556	0	0	-0.380524251953553	1	1	1		0
GO:0097346	INO80-type complex	0/279	27/19556	0	0	-0.625537236962363	1	1	1		0
GO:0097413	Lewy body	0/279	12/19556	0	0	-0.416864760860404	1	1	1		0
GO:0097431	mitotic spindle pole	0/279	39/19556	0	0	-0.752033280938765	1	1	1		0
GO:0097440	apical dendrite	0/279	19/19556	0	0	-0.524637283148247	1	1	1		0
GO:0097504	Gemini of Cajal bodies	0/279	11/19556	0	0	-0.399107411962378	1	1	1		0
GO:0097524	sperm plasma membrane	0/279	12/19556	0	0	-0.416864760860404	1	1	1		0
GO:0097525	spliceosomal snRNP complex	0/279	86/19556	0	0	-1.11809199452115	1	1	1		0
GO:0097526	spliceosomal tri-snRNP complex	0/279	40/19556	0	0	-0.761633221260175	1	1	1		0
GO:0097550	transcription preinitiation complex	0/279	13/19556	0	0	-0.433897700206036	1	1	1		0
GO:0097648	G protein-coupled receptor complex	0/279	11/19556	0	0	-0.399107411962378	1	1	1		0
GO:0097732	9+2 non-motile cilium	0/279	11/19556	0	0	-0.399107411962378	1	1	1		0
GO:0098533	ATPase dependent transmembrane transport complex	0/279	53/19556	0	0	-0.876997817374596	1	1	1		0
GO:0098553	lumenal side of endoplasmic reticulum membrane	0/279	33/19556	0	0	-0.691663695746134	1	1	1		0
GO:0098554	cytoplasmic side of endoplasmic reticulum membrane	0/279	35/19556	0	0	-0.712351395700709	1	1	1		0
GO:0098574	cytoplasmic side of lysosomal membrane	0/279	15/19556	0	0	-0.466104746218514	1	1	1		0
GO:0098576	lumenal side of membrane	0/279	44/19556	0	0	-0.798889535926207	1	1	1		0
GO:0098636	protein complex involved in cell adhesion	0/279	40/19556	0	0	-0.761633221260175	1	1	1		0
GO:0098691	dopaminergic synapse	0/279	15/19556	0	0	-0.466104746218514	1	1	1		0
GO:0098798	mitochondrial protein-containing complex	0/279	176/19556	0	0	-1.60321119068765	1	1	1		0
GO:0098799	outer mitochondrial membrane protein complex	0/279	25/19556	0	0	-0.6018926672479	1	1	1		0
GO:0098800	inner mitochondrial membrane protein complex	0/279	54/19556	0	0	-0.885255414985841	1	1	1		0
GO:0098803	respiratory chain complex	0/279	109/19556	0	0	-1.25950016859454	1	1	1		0
GO:0098831	presynaptic active zone cytoplasmic component	0/279	14/19556	0	0	-0.450288443890802	1	1	1		0
GO:0098837	postsynaptic recycling endosome	0/279	11/19556	0	0	-0.399107411962378	1	1	1		0
GO:0098845	postsynaptic endosome	0/279	21/19556	0	0	-0.551587261213623	1	1	1		0
GO:0098850	extrinsic component of synaptic vesicle membrane	0/279	15/19556	0	0	-0.466104746218514	1	1	1		0
GO:0098871	postsynaptic actin cytoskeleton	0/279	10/19556	0	0	-0.380524251953553	1	1	1		0
GO:0098890	extrinsic component of postsynaptic membrane	0/279	12/19556	0	0	-0.416864760860404	1	1	1		0
GO:0098985	asymmetric, glutamatergic, excitatory synapse	0/279	17/19556	0	0	-0.496231789303129	1	1	1		0
GO:0099023	vesicle tethering complex	0/279	66/19556	0	0	-0.978987927556231	1	1	1		0
GO:0099086	synaptonemal structure	0/279	42/19556	0	0	-0.78048180491595	1	1	1		0
GO:0099243	extrinsic component of synaptic membrane	0/279	19/19556	0	0	-0.524637283148247	1	1	1		0
GO:0099524	postsynaptic cytosol	0/279	29/19556	0	0	-0.648324634559027	1	1	1		0
GO:0099568	cytoplasmic region	0/279	29/19556	0	0	-0.648324634559027	1	1	1		0
GO:0099571	postsynaptic cytoskeleton	0/279	15/19556	0	0	-0.466104746218514	1	1	1		0
GO:0099738	cell cortex region	0/279	29/19556	0	0	-0.648324634559027	1	1	1		0
GO:0101002	ficolin-1-rich granule	0/279	185/19556	0	0	-1.64407313096268	1	1	1		0
GO:0101003	ficolin-1-rich granule membrane	0/279	60/19556	0	0	-0.933284719368137	1	1	1		0
GO:0101031	protein folding chaperone complex	0/279	32/19556	0	0	-0.681085881582137	1	1	1		0
GO:0106083	nuclear membrane protein complex	0/279	11/19556	0	0	-0.399107411962378	1	1	1		0
GO:0106094	nuclear membrane microtubule tethering complex	0/279	11/19556	0	0	-0.399107411962378	1	1	1		0
GO:0106139	symbiont cell surface	0/279	20/19556	0	0	-0.53828027130247	1	1	1		0
GO:0120103	centriolar subdistal appendage	0/279	10/19556	0	0	-0.380524251953553	1	1	1		0
GO:0120114	Sm-like protein family complex	0/279	107/19556	0	0	-1.24782746053886	1	1	1		0
GO:0120212	sperm head-tail coupling apparatus	0/279	22/19556	0	0	-0.564582011647768	1	1	1		0
GO:0120293	dynein axonemal particle	0/279	20/19556	0	0	-0.53828027130247	1	1	1		0
GO:0140139	solid phase of basement membrane	0/279	23/19556	0	0	-0.577285608802785	1	1	1		0
GO:0140143	collagenous component of basement membrane	0/279	10/19556	0	0	-0.380524251953553	1	1	1		0
GO:0140144	non-collagenous component of basement membrane	0/279	13/19556	0	0	-0.433897700206036	1	1	1		0
GO:0140149	non-collagenous component of interstitial matrix	0/279	44/19556	0	0	-0.798889535926207	1	1	1		0
GO:0140150	gel phase of interstitial matrix	0/279	30/19556	0	0	-0.659424794954258	1	1	1		0
GO:0140268	endoplasmic reticulum-plasma membrane contact site	0/279	19/19556	0	0	-0.524637283148247	1	1	1		0
GO:0140275	MIB complex	0/279	13/19556	0	0	-0.433897700206036	1	1	1		0
GO:0140349	laminin network	0/279	13/19556	0	0	-0.433897700206036	1	1	1		0
GO:0140534	endoplasmic reticulum protein-containing complex	0/279	120/19556	0	0	-1.32189958403991	1	1	1		0
GO:0140672	ATAC complex	0/279	14/19556	0	0	-0.450288443890802	1	1	1		0
GO:0150005	enzyme activator complex	0/279	13/19556	0	0	-0.433897700206036	1	1	1		0
GO:0160112	axonemal B tubule inner sheath	0/279	13/19556	0	0	-0.433897700206036	1	1	1		0
GO:0160232	INTAC complex	0/279	17/19556	0	0	-0.496231789303129	1	1	1		0
GO:1902493	acetyltransferase complex	0/279	106/19556	0	0	-1.24195087531109	1	1	1		0
GO:1902554	serine/threonine protein kinase complex	0/279	119/19556	0	0	-1.31634628304606	1	1	1		0
GO:1902555	endoribonuclease complex	0/279	34/19556	0	0	-0.702083218400121	1	1	1		0
GO:1902562	H4 histone acetyltransferase complex	0/279	40/19556	0	0	-0.761633221260175	1	1	1		0
GO:1902773	GTPase activator complex	0/279	11/19556	0	0	-0.399107411962378	1	1	1		0
GO:1902911	protein kinase complex	0/279	133/19556	0	0	-1.39212731060975	1	1	1		0
GO:1904813	ficolin-1-rich granule lumen	0/279	125/19556	0	0	-1.34933168541415	1	1	1		0
GO:1904930	amphisome membrane	0/279	11/19556	0	0	-0.399107411962378	1	1	1		0
GO:1904949	ATPase complex	0/279	116/19556	0	0	-1.29954748297733	1	1	1		0
GO:1905286	serine-type peptidase complex	0/279	11/19556	0	0	-0.399107411962378	1	1	1		0
GO:1905348	endonuclease complex	0/279	39/19556	0	0	-0.752033280938765	1	1	1		0
GO:1905354	exoribonuclease complex	0/279	25/19556	0	0	-0.6018926672479	1	1	1		0
GO:1905368	peptidase complex	0/279	111/19556	0	0	-1.27106805428933	1	1	1		0
GO:1905369	endopeptidase complex	0/279	84/19556	0	0	-1.10495769494005	1	1	1		0
GO:1990023	mitotic spindle midzone	0/279	14/19556	0	0	-0.450288443890802	1	1	1		0
GO:1990204	oxidoreductase complex	0/279	106/19556	0	0	-1.24195087531109	1	1	1		0
GO:1990229	iron-sulfur cluster assembly complex	0/279	13/19556	0	0	-0.433897700206036	1	1	1		0
GO:1990391	DNA repair complex	0/279	13/19556	0	0	-0.433897700206036	1	1	1		0
GO:1990498	mitotic spindle microtubule	0/279	16/19556	0	0	-0.481403229849255	1	1	1		0
GO:1990752	microtubule end	0/279	35/19556	0	0	-0.712351395700709	1	1	1		0
GO:1990877	FNIP-folliculin RagC/D GAP	0/279	10/19556	0	0	-0.380524251953553	1	1	1		0
GO:1990907	beta-catenin-TCF complex	0/279	13/19556	0	0	-0.433897700206036	1	1	1		0
GO:1990909	Wnt signalosome	0/279	13/19556	0	0	-0.433897700206036	1	1	1		0
