category	subcategory	ID	Description	GeneRatio	BgRatio	RichFactor	FoldEnrichment	zScore	pvalue	p.adjust	qvalue	geneID	Count
Environmental Information Processing	Signaling molecules and interaction	hsa04082	Neuroactive ligand signaling	13/142	199/8790	0.0653266331658292	4.04381060230731	5.56516913849486	1.86232227304018e-05	0.00657399762383185	0.00657399762383185	6532/170572/2890/1129/1143/55879/148/2792/1128/181/2556/3359/114	13
Organismal Systems	Development and regeneration	hsa04382	Cornified envelope formation	13/142	216/8790	0.0601851851851852	3.72554773082942	5.19690756030961	4.41549637408158e-05	0.00779335110025399	0.00779335110025399	6699/51702/26154/3868/286887/29943/3854/51208/3853/6707/1830/9119/5522	13
Environmental Information Processing	Signaling molecules and interaction	hsa04080	Neuroactive ligand-receptor interaction	17/142	371/8790	0.045822102425876	2.83645267833416	4.63118900976188	9.49446683521444e-05	0.011171822642769	0.011171822642769	186/122042/2890/1129/1143/55879/387129/10874/148/1128/90226/1908/1135/2556/51083/6754/84634	17
Organismal Systems	Digestive system	hsa04970	Salivary secretion	6/142	93/8790	0.0645161290322581	3.99363925488414	3.71888088475347	0.00385360783642648	0.340080891564637	0.340080891564637	148/1472/1473/810/1469/114	6
Organismal Systems	Endocrine system	hsa03320	PPAR signaling pathway	5/142	76/8790	0.0657894736842105	4.07246108228317	3.44699356654242	0.00756264058412047	0.533922425238905	0.533922425238905	2167/28965/6258/4312/3158	5
Metabolism	Metabolism of cofactors and vitamins	hsa00790	Folate biosynthesis	3/142	28/8790	0.107142857142857	6.63229376257545	3.82488826989841	0.01006277331093	0.538147048012228	0.538147048012228	441282/57016/250	3
Organismal Systems	Nervous system	hsa04725	Cholinergic synapse	6/142	115/8790	0.0521739130434783	3.22963870177587	3.08393159671776	0.0106714712070413	0.538147048012228	0.538147048012228	1129/1143/2792/1128/779/114	6
Organismal Systems	Circulatory system	hsa04261	Adrenergic signaling in cardiomyocytes	7/142	154/8790	0.0454545454545455	2.81370038412292	2.9095488454719	0.012274183408909	0.541598342918109	0.541598342918109	186/7134/148/810/779/114/5522	7
Organismal Systems	Nervous system	hsa04727	GABAergic synapse	5/142	89/8790	0.0561797752808989	3.4776072163317	3.01022487510968	0.0143957790418016	0.564634444639552	0.564634444639552	55879/2792/779/2556/114	5
Organismal Systems	Endocrine system	hsa04926	Relaxin signaling pathway	6/142	130/8790	0.0461538461538462	2.85698808234019	2.73324089882672	0.0186115205219482	0.577670401485425	0.577670401485425	122042/4322/2792/4312/114/2277	6
Organismal Systems	Endocrine system	hsa04927	Cortisol synthesis and secretion	4/142	65/8790	0.0615384615384615	3.80931744312026	2.91293531141981	0.0206710797561414	0.577670401485425	0.577670401485425	1586/779/3739/114	4
Organismal Systems	Circulatory system	hsa04270	Vascular smooth muscle contraction	6/142	134/8790	0.0447761194029851	2.77170485600168	2.64814166721579	0.0212706389973684	0.577670401485425	0.577670401485425	148/5319/810/779/1908/114	6
Environmental Information Processing	Signal transduction	hsa04020	Calcium signaling pathway	9/142	253/8790	0.0355731225296443	2.20202638757446	2.48586583450507	0.0212739807912479	0.577670401485425	0.577670401485425	1129/7134/148/1128/810/779/2255/114/2277	9
Human Diseases	Cardiovascular disease	hsa05414	Dilated cardiomyopathy	5/142	104/8790	0.0480769230769231	2.9760292524377	2.59750379374717	0.0263707175022725	0.584561768183621	0.584561768183621	7134/779/859/6445/114	5
Human Diseases	Substance dependence	hsa05033	Nicotine addiction	3/142	41/8790	0.0731707317073171	4.52937135005153	2.90245930988849	0.0281396390097429	0.584561768183621	0.584561768183621	2890/55879/2556	3
Environmental Information Processing	Signaling molecules and interaction	hsa04519	Cadherin signaling	12/142	402/8790	0.0298507462686567	1.84780323733445	2.22964104280444	0.0291687966531886	0.584561768183621	0.584561768183621	55879/3868/124590/375612/286887/3854/2556/3853/1830/28513/9119/65217	12
Environmental Information Processing	Signal transduction	hsa04024	cAMP signaling pathway	8/142	226/8790	0.0353982300884956	2.19120029913997	2.32464557536844	0.0299133076022179	0.584561768183621	0.584561768183621	2890/1129/64399/1128/810/779/1908/114	8
Metabolism	Energy metabolism	hsa00910	Nitrogen metabolism	2/142	17/8790	0.117647058823529	7.28251864125932	3.32231070723577	0.0300734797150111	0.584561768183621	0.584561768183621	762/768	2
Environmental Information Processing	Signal transduction	hsa04151	PI3K-Akt signaling pathway	11/142	361/8790	0.0304709141274238	1.886192501268	2.20317862174088	0.0317163391532906	0.584561768183621	0.584561768183621	1129/2792/1128/7143/1440/51378/3381/2255/1943/5522/2277	11
Organismal Systems	Nervous system	hsa04723	Retrograde endocannabinoid signaling	6/142	149/8790	0.0402684563758389	2.49267416580017	2.35468171850179	0.0335076997321697	0.584561768183621	0.584561768183621	2890/55879/2792/779/2556/114	6
Organismal Systems	Nervous system	hsa04726	Serotonergic synapse	5/142	112/8790	0.0446428571428571	2.76345573440644	2.4066881247117	0.034775629268714	0.584561768183621	0.584561768183621	6532/170572/2792/779/3359	5
Human Diseases	Infectious disease: parasitic	hsa05144	Malaria	3/142	49/8790	0.0612244897959184	3.78988215004312	2.5093393792951	0.0443398913369725	0.711453710997787	0.711453710997787	3039/3040/1440	3
Organismal Systems	Sensory system	hsa04742	Taste transduction	4/142	85/8790	0.0470588235294118	2.91300745650373	2.27089891027693	0.0484359444562111	0.743386451871414	0.743386451871414	170572/2556/3359/114	4
Human Diseases	Cancer: overview	hsa05207	Chemical carcinogenesis - receptor activation	7/142	214/8790	0.0327102803738318	2.02481242595761	1.94475522545804	0.0581637586866426	0.824967635984933	0.824967635984933	1143/6258/10683/779/1544/2255/114	7
Human Diseases	Substance dependence	hsa05032	Morphine addiction	4/142	91/8790	0.043956043956044	2.72094103080019	2.11450192026874	0.0594555456237026	0.824967635984933	0.824967635984933	55879/2792/2556/114	4
Organismal Systems	Immune system	hsa04657	IL-17 signaling pathway	4/142	93/8790	0.043010752688172	2.66242616992276	2.06516696878327	0.0634019411508053	0.824967635984933	0.824967635984933	4322/4312/1440/4314	4
Environmental Information Processing	Signaling molecules and interaction	hsa04081	Hormone signaling	7/142	219/8790	0.0319634703196347	1.97858383175767	1.87914550670937	0.0642161199293336	0.824967635984933	0.824967635984933	186/148/2980/2792/90226/114/6754	7
Organismal Systems	Digestive system	hsa04977	Vitamin digestion and absorption	2/142	26/8790	0.0769230769230769	4.76164680390033	2.46132843484538	0.0654365263670768	0.824967635984933	0.824967635984933	5948/158835	2
Organismal Systems	Environmental adaptation	hsa04713	Circadian entrainment	4/142	97/8790	0.0412371134020619	2.55263540002904	1.9702737674581	0.0716978337022138	0.865925777860678	0.865925777860678	2890/2792/810/114	4
Organismal Systems	Sensory system	hsa04744	Phototransduction	2/142	28/8790	0.0714285714285714	4.4215291750503	2.32355899007314	0.0745504675994437	0.865925777860678	0.865925777860678	2792/810	2
Human Diseases	Cardiovascular disease	hsa05410	Hypertrophic cardiomyopathy	4/142	99/8790	0.0404040404040404	2.50106700810926	1.92459284107488	0.0760444734098613	0.865925777860678	0.865925777860678	7134/779/859/6445	4
Metabolism	Lipid metabolism	hsa00591	Linoleic acid metabolism	2/142	30/8790	0.0666666666666667	4.12676056338028	2.19815981390279	0.084041629303678	0.895636018450975	0.895636018450975	5319/1544	2
Environmental Information Processing	Signal transduction	hsa04014	Ras signaling pathway	7/142	237/8790	0.029535864978903	1.82831164200392	1.65639826298947	0.0890811770762713	0.895636018450975	0.895636018450975	5319/2792/810/51378/2255/1943/2277	7
Metabolism	Lipid metabolism	hsa00561	Glycerolipid metabolism	3/142	66/8790	0.0454545454545455	2.81370038412292	1.89511578173106	0.0906766454699594	0.895636018450975	0.895636018450975	441282/57016/116255	3
Metabolism	Metabolism of cofactors and vitamins	hsa00830	Retinol metabolism	3/142	67/8790	0.0447761194029851	2.77170485600168	1.86531380574396	0.093856729151363	0.895636018450975	0.895636018450975	125/158835/1544	3
Organismal Systems	Nervous system	hsa04720	Long-term potentiation	3/142	67/8790	0.0447761194029851	2.77170485600168	1.86531380574396	0.093856729151363	0.895636018450975	0.895636018450975	2890/810/114	3
Metabolism	Carbohydrate metabolism	hsa00052	Galactose metabolism	2/142	32/8790	0.0625	3.86883802816901	2.08321748367721	0.0938768631237566	0.895636018450975	0.895636018450975	441282/57016	2
Organismal Systems	Endocrine system	hsa04924	Renin secretion	3/142	69/8790	0.0434782608695652	2.69136558481323	1.80731958807155	0.100352910650393	0.932225722620759	0.932225722620759	810/779/1908	3
Metabolism	Carbohydrate metabolism	hsa00040	Pentose and glucuronate interconversions	2/142	35/8790	0.0571428571428571	3.53722334004024	1.92717302778735	0.109206529255089	0.969376309451669	0.969376309451669	441282/57016	2
Metabolism	Carbohydrate metabolism	hsa00051	Fructose and mannose metabolism	2/142	36/8790	0.0555555555555556	3.43896713615023	1.87892736522899	0.114455434142133	0.969376309451669	0.969376309451669	441282/57016	2
Human Diseases	Infectious disease: parasitic	hsa05143	African trypanosomiasis	2/142	36/8790	0.0555555555555556	3.43896713615023	1.87892736522899	0.114455434142133	0.969376309451669	0.969376309451669	3039/3040	2
Organismal Systems	Endocrine system	hsa04928	Parathyroid hormone synthesis, secretion and action	4/142	115/8790	0.0347826086956522	2.15309246785058	1.59490337726436	0.115336558065071	0.969376309451669	0.969376309451669	1591/4322/6258/114	4
Environmental Information Processing	Signal transduction	hsa04015	Rap1 signaling pathway	6/142	212/8790	0.0283018867924528	1.75192665426521	1.42005921182222	0.128469157357322	1	1	810/51378/2255/1943/114/2277	6
Human Diseases	Cancer: overview	hsa05206	MicroRNAs in cancer	8/142	323/8790	0.0247678018575851	1.53316181921249	1.25098351394157	0.151611146959415	1	1	1591/995/8091/7143/10642/131405/1943/5268	8
Human Diseases	Cardiovascular disease	hsa05412	Arrhythmogenic right ventricular cardiomyopathy	3/142	86/8790	0.0348837209302326	2.15935145758271	1.38439799220979	0.161968451638938	1	1	779/859/6445	3
Organismal Systems	Immune system	hsa04610	Complement and coagulation cascades	3/142	87/8790	0.0344827586206897	2.13453132588635	1.36269194987715	0.165896908187277	1	1	2160/732/1361	3
Organismal Systems	Nervous system	hsa04728	Dopaminergic synapse	4/142	133/8790	0.0300751879699248	1.86169649475802	1.28307635581712	0.167998611624943	1	1	2890/2792/810/5522	4
Organismal Systems	Digestive system	hsa04976	Bile secretion	3/142	88/8790	0.0340909090909091	2.11027528809219	1.34127717524126	0.169853579333207	1	1	8431/114/361	3
Environmental Information Processing	Signaling molecules and interaction	hsa04512	ECM-receptor interaction	3/142	89/8790	0.0337078651685393	2.08656432979902	1.32014588608221	0.173837595039285	1	1	2815/7143/3381	3
Genetic Information Processing	Information processing in viruses	hsa03265	Virion - Ebolavirus, Lyssavirus and Morbillivirus	1/142	12/8790	0.0833333333333333	5.15845070422535	1.84705767349832	0.17762844675848	1	1	10332	1
Organismal Systems	Endocrine system	hsa04912	GnRH signaling pathway	3/142	93/8790	0.032258064516129	1.99681962744207	1.23831001079817	0.190029835950867	1	1	810/779/114	3
Cellular Processes	Cellular community - eukaryotes	hsa04550	Signaling pathways regulating pluripotency of stem cells	4/142	144/8790	0.0277777777777778	1.71948356807512	1.11545119773518	0.203700400692946	1	1	64211/5013/3175/1852	4
Organismal Systems	Endocrine system	hsa04913	Ovarian steroidogenesis	2/142	52/8790	0.0384615384615385	2.38082340195016	1.27964603210722	0.204993051959603	1	1	1586/114	2
Organismal Systems	Endocrine system	hsa04925	Aldosterone synthesis and secretion	3/142	98/8790	0.0306122448979592	1.89494107502156	1.14157298897976	0.210782742148101	1	1	810/779/114	3
Environmental Information Processing	Signal transduction	hsa04010	MAPK signaling pathway	7/142	300/8790	0.0233333333333333	1.4443661971831	1.00346877035221	0.211465346958452	1	1	84867/779/51378/2255/1943/1852/2277	7
Organismal Systems	Sensory system	hsa04750	Inflammatory mediator regulation of TRP channels	3/142	99/8790	0.0303030303030303	1.87580025608195	1.12290716800843	0.214993313046171	1	1	79054/810/114	3
Metabolism	Metabolism of cofactors and vitamins	hsa00730	Thiamine metabolism	1/142	15/8790	0.0666666666666667	4.12676056338028	1.55300465197485	0.216900747115226	1	1	250	1
Organismal Systems	Digestive system	hsa04972	Pancreatic secretion	3/142	102/8790	0.0294117647058824	1.82062966031483	1.06817756813835	0.227730322345005	1	1	5319/114/1361	3
Environmental Information Processing	Signal transduction	hsa04340	Hedgehog signaling pathway	2/142	56/8790	0.0357142857142857	2.21076458752515	1.16467081788504	0.228797555685222	1	1	64399/3549	2
Genetic Information Processing	Information processing in viruses	hsa03273	Virion - Lassa virus and SFTS virus	1/142	16/8790	0.0625	3.86883802816901	1.47171348532067	0.229573122489544	1	1	10332	1
Human Diseases	Endocrine and metabolic disease	hsa04934	Cushing syndrome	4/142	155/8790	0.0258064516129032	1.59745570195366	0.961604423254071	0.241411167429378	1	1	1586/779/3739/114	4
Organismal Systems	Endocrine system	hsa04923	Regulation of lipolysis in adipocytes	2/142	59/8790	0.0338983050847458	2.09835282883743	1.08465581414349	0.246775035176539	1	1	2167/114	2
Human Diseases	Cardiovascular disease	hsa05417	Lipid and atherosclerosis	5/142	214/8790	0.0233644859813084	1.44629458996973	0.846919605923254	0.264326262204089	1	1	6258/810/4312/177/4314	5
Metabolism	Lipid metabolism	hsa00140	Steroid hormone biosynthesis	2/142	64/8790	0.03125	1.93441901408451	0.96134686358872	0.27682727478726	1	1	1586/1544	2
Environmental Information Processing	Signal transduction	hsa04022	cGMP-PKG signaling pathway	4/142	165/8790	0.0242424242424242	1.50064020486556	0.831848442317419	0.276972246190486	1	1	148/810/779/114	4
Metabolism	Lipid metabolism	hsa00100	Steroid biosynthesis	1/142	20/8790	0.05	3.09507042253521	1.20190430512352	0.278258388514985	1	1	1591	1
Organismal Systems	Endocrine system	hsa04929	GnRH secretion	2/142	65/8790	0.0307692307692308	1.90465872156013	0.938025833025662	0.282836299402877	1	1	779/84634	2
Organismal Systems	Nervous system	hsa04724	Glutamatergic synapse	3/142	116/8790	0.0258620689655172	1.60089849441476	0.834788515203012	0.288705816733806	1	1	2890/2792/114	3
Human Diseases	Cardiovascular disease	hsa05416	Viral myocarditis	2/142	66/8790	0.0303030303030303	1.87580025608195	0.915114150867664	0.28884128858828	1	1	859/6445	2
Metabolism	Xenobiotics biodegradation and metabolism	hsa00982	Drug metabolism - cytochrome P450	2/142	67/8790	0.0298507462686567	1.84780323733445	0.892597363379852	0.294840813494032	1	1	125/1544	2
Human Diseases	Substance dependence	hsa05031	Amphetamine addiction	2/142	69/8790	0.0289855072463768	1.79424372320882	0.848694245376105	0.306817986800601	1	1	2890/810	2
Metabolism	Amino acid metabolism	hsa00220	Arginine biosynthesis	1/142	23/8790	0.0434782608695652	2.69136558481323	1.04071536909908	0.312756044733041	1	1	5009	1
Metabolism	Metabolism of terpenoids and polyketides	hsa00900	Terpenoid backbone biosynthesis	1/142	23/8790	0.0434782608695652	2.69136558481323	1.04071536909908	0.312756044733041	1	1	3158	1
Organismal Systems	Endocrine system	hsa04614	Renin-angiotensin system	1/142	23/8790	0.0434782608695652	2.69136558481323	1.04071536909908	0.312756044733041	1	1	186	1
Organismal Systems	Excretory system	hsa04964	Proximal tubule bicarbonate reclamation	1/142	23/8790	0.0434782608695652	2.69136558481323	1.04071536909908	0.312756044733041	1	1	762	1
Organismal Systems	Endocrine system	hsa04920	Adipocytokine signaling pathway	2/142	70/8790	0.0285714285714286	1.76861167002012	0.827282458358796	0.312793005917557	1	1	6258/181	2
Cellular Processes	Cell motility	hsa04820	Cytoskeleton in muscle cells	5/142	233/8790	0.0214592274678112	1.32835640452155	0.650906712136605	0.324119169780803	1	1	1301/27063/7134/6445/4620	5
Environmental Information Processing	Signal transduction	hsa04310	Wnt signaling pathway	4/142	178/8790	0.0224719101123595	1.39104288653268	0.675364835926144	0.324342400395233	1	1	284654/340419/6425/11197	4
Metabolism	Xenobiotics biodegradation and metabolism	hsa00980	Metabolism of xenobiotics by cytochrome P450	2/142	73/8790	0.0273972602739726	1.69592899864943	0.765066004263636	0.330648926848086	1	1	125/1544	2
Environmental Information Processing	Signaling molecules and interaction	hsa04060	Cytokine-cytokine receptor interaction	6/142	296/8790	0.0202702702702703	1.25475827940617	0.571312989290445	0.344768624027964	1	1	26525/5196/2662/1440/5473/56300	6
Metabolism	Lipid metabolism	hsa00592	alpha-Linolenic acid metabolism	1/142	26/8790	0.0384615384615385	2.38082340195016	0.903503194185034	0.345615847897954	1	1	5319	1
Human Diseases	Endocrine and metabolic disease	hsa04950	Maturity onset diabetes of the young	1/142	26/8790	0.0384615384615385	2.38082340195016	0.903503194185034	0.345615847897954	1	1	3175	1
Organismal Systems	Digestive system	hsa04971	Gastric acid secretion	2/142	76/8790	0.0263157894736842	1.62898443291327	0.705657528490558	0.348377076039871	1	1	810/114	2
Metabolism	Carbohydrate metabolism	hsa00650	Butanoate metabolism	1/142	27/8790	0.037037037037037	2.29264475743349	0.861967178560807	0.356218603443195	1	1	3158	1
Organismal Systems	Excretory system	hsa04966	Collecting duct acid secretion	1/142	27/8790	0.037037037037037	2.29264475743349	0.861967178560807	0.356218603443195	1	1	6521	1
Organismal Systems	Immune system	hsa04062	Chemokine signaling pathway	4/142	191/8790	0.0209424083769634	1.29636457488386	0.530609551353452	0.372243724241029	1	1	5196/2792/5473/114	4
Metabolism	Carbohydrate metabolism	hsa00053	Ascorbate and aldarate metabolism	1/142	29/8790	0.0344827586206897	2.13453132588635	0.784141997323923	0.376915033335625	1	1	55586	1
Cellular Processes	Cell growth and death	hsa04114	Oocyte meiosis	3/142	138/8790	0.0217391304347826	1.34568279240661	0.524463312104635	0.386093546360027	1	1	995/810/114	3
Organismal Systems	Endocrine system	hsa04915	Estrogen signaling pathway	3/142	138/8790	0.0217391304347826	1.34568279240661	0.524463312104635	0.386093546360027	1	1	3868/810/114	3
Human Diseases	Drug resistance: antineoplastic	hsa01523	Antifolate resistance	1/142	30/8790	0.0333333333333333	2.06338028169014	0.747572369142616	0.387014116233279	1	1	2352	1
Environmental Information Processing	Signal transduction	hsa04371	Apelin signaling pathway	3/142	139/8790	0.0215827338129496	1.33600162123822	0.511648471412676	0.390481126512664	1	1	2792/810/114	3
Organismal Systems	Digestive system	hsa04981	Folate transport and metabolism	1/142	31/8790	0.032258064516129	1.99681962744207	0.712403801704108	0.396950645399361	1	1	2352	1
Human Diseases	Cancer: overview	hsa05202	Transcriptional misregulation in cancer	4/142	198/8790	0.0202020202020202	1.25053350405463	0.456885460361856	0.397993811169238	1	1	6258/8091/3206/4314	4
Organismal Systems	Endocrine system	hsa04911	Insulin secretion	2/142	86/8790	0.0232558139534884	1.43956763838847	0.524893941388765	0.406206207329934	1	1	779/114	2
Organismal Systems	Circulatory system	hsa04260	Cardiac muscle contraction	2/142	87/8790	0.0229885057471264	1.42302088392424	0.508092760420803	0.411860543780349	1	1	7134/779	2
Cellular Processes	Cellular community - eukaryotes	hsa04510	Focal adhesion	4/142	202/8790	0.0198019801980198	1.22577046437038	0.415961233160946	0.412640132160829	1	1	7143/859/3381/2277	4
Cellular Processes	Cellular community - eukaryotes	hsa04540	Gap junction	2/142	89/8790	0.0224719101123595	1.39104288653268	0.475106391568474	0.423089785541249	1	1	10381/114	2
Human Diseases	Immune disease	hsa05323	Rheumatoid arthritis	2/142	89/8790	0.0224719101123595	1.39104288653268	0.475106391568474	0.423089785541249	1	1	4312/4314	2
Human Diseases	Cancer: specific types	hsa05226	Gastric cancer	3/142	150/8790	0.02	1.23802816901408	0.376767278503746	0.438156294400086	1	1	7015/6258/2255	3
Metabolism	Amino acid metabolism	hsa00350	Tyrosine metabolism	1/142	37/8790	0.027027027027027	1.67301103920822	0.525654818314839	0.453298840083017	1	1	125	1
Metabolism	Global and overview maps	hsa01250	Biosynthesis of nucleotide sugars	1/142	37/8790	0.027027027027027	1.67301103920822	0.525654818314839	0.453298840083017	1	1	55586	1
Human Diseases	Cancer: specific types	hsa05216	Thyroid cancer	1/142	37/8790	0.027027027027027	1.67301103920822	0.525654818314839	0.453298840083017	1	1	6258	1
Environmental Information Processing	Signaling molecules and interaction	hsa04518	Integrin signaling	3/142	154/8790	0.0194805194805195	1.20587159319554	0.330260423133339	0.455161228964971	1	1	7143/3381/2277	3
Organismal Systems	Endocrine system	hsa04921	Oxytocin signaling pathway	3/142	154/8790	0.0194805194805195	1.20587159319554	0.330260423133339	0.455161228964971	1	1	810/779/114	3
Human Diseases	Drug resistance: antineoplastic	hsa01522	Endocrine resistance	2/142	96/8790	0.0208333333333333	1.28961267605634	0.365594311041154	0.461497564800472	1	1	10683/114	2
Organismal Systems	Immune system	hsa04640	Hematopoietic cell lineage	2/142	96/8790	0.0208333333333333	1.28961267605634	0.365594311041154	0.461497564800472	1	1	2815/1440	2
Metabolism	Glycan biosynthesis and metabolism	hsa00520	Amino sugar and nucleotide sugar metabolism	1/142	38/8790	0.0263157894736842	1.62898443291327	0.497890803750575	0.462167978059506	1	1	27159	1
Environmental Information Processing	Signaling molecules and interaction	hsa04061	Viral protein interaction with cytokine and cytokine receptor	2/142	98/8790	0.0204081632653061	1.26329405001437	0.335853816574741	0.472199043905417	1	1	5196/5473	2
Metabolism	Amino acid metabolism	hsa00260	Glycine, serine and threonine metabolism	1/142	40/8790	0.025	1.54753521126761	0.444727603709485	0.479479878455443	1	1	212	1
Human Diseases	Cancer: specific types	hsa05219	Bladder cancer	1/142	41/8790	0.024390243902439	1.50979045001718	0.419237844644201	0.487927176427937	1	1	4312	1
Organismal Systems	Endocrine system	hsa04916	Melanogenesis	2/142	101/8790	0.0198019801980198	1.22577046437038	0.292414549988927	0.488011773525637	1	1	810/114	2
Human Diseases	Endocrine and metabolic disease	hsa04933	AGE-RAGE signaling pathway in diabetic complications	2/142	101/8790	0.0198019801980198	1.22577046437038	0.292414549988927	0.488011773525637	1	1	177/2277	2
Human Diseases	Infectious disease: parasitic	hsa05146	Amoebiasis	2/142	102/8790	0.0196078431372549	1.21375310687655	0.278233026329827	0.49321740254925	1	1	6318/732	2
Metabolism	Amino acid metabolism	hsa00380	Tryptophan metabolism	1/142	42/8790	0.0238095238095238	1.4738430583501	0.394421740037698	0.496238336668791	1	1	1544	1
Organismal Systems	Digestive system	hsa04974	Protein digestion and absorption	2/142	103/8790	0.0194174757281553	1.20196909613018	0.264195056748692	0.498389857469627	1	1	1301/1361	2
Metabolism	Lipid metabolism	hsa00564	Glycerophospholipid metabolism	2/142	104/8790	0.0192307692307692	1.19041170097508	0.250297466521042	0.503528846015798	1	1	5319/2819	2
Metabolism	Lipid metabolism	hsa00071	Fatty acid degradation	1/142	43/8790	0.0232558139534884	1.43956763838847	0.370242645127617	0.504415537879701	1	1	125	1
Organismal Systems	Digestive system	hsa04975	Fat digestion and absorption	1/142	43/8790	0.0232558139534884	1.43956763838847	0.370242645127617	0.504415537879701	1	1	5319	1
Organismal Systems	Immune system	hsa04625	C-type lectin receptor signaling pathway	2/142	105/8790	0.019047619047619	1.17907444668008	0.236537182815742	0.508634093826715	1	1	810/10332	2
Metabolism	Metabolism of cofactors and vitamins	hsa00860	Porphyrin metabolism	1/142	44/8790	0.0227272727272727	1.40685019206146	0.346666751648833	0.512460924140256	1	1	212	1
Genetic Information Processing	Replication and repair	hsa03410	Base excision repair	1/142	44/8790	0.0227272727272727	1.40685019206146	0.346666751648833	0.512460924140256	1	1	55247	1
Organismal Systems	Excretory system	hsa04962	Vasopressin-regulated water reabsorption	1/142	44/8790	0.0227272727272727	1.40685019206146	0.346666751648833	0.512460924140256	1	1	361	1
Human Diseases	Cancer: specific types	hsa05215	Prostate cancer	2/142	106/8790	0.0188679245283019	1.16795110284348	0.222911230458368	0.513705343956415	1	1	4314/2352	2
Cellular Processes	Cell motility	hsa04810	Regulation of actin cytoskeleton	4/142	231/8790	0.0173160173160173	1.07188586061826	0.141871126505619	0.515682618786853	1	1	1129/1128/732/2255	4
Metabolism	Glycan biosynthesis and metabolism	hsa00513	Various types of N-glycan biosynthesis	1/142	45/8790	0.0222222222222222	1.37558685446009	0.323662807905121	0.520376605454238	1	1	338707	1
Environmental Information Processing	Membrane transport	hsa02010	ABC transporters	1/142	45/8790	0.0222222222222222	1.37558685446009	0.323662807905121	0.520376605454238	1	1	26154	1
Human Diseases	Infectious disease: viral	hsa05171	Coronavirus disease	4/142	234/8790	0.0170940170940171	1.05814373420007	0.115513176048427	0.525899764200081	1	1	4312/1440/732/4314	4
Environmental Information Processing	Signaling molecules and interaction	hsa04517	IgSF CAM signaling	5/142	298/8790	0.0167785234899329	1.03861423575007	0.0868973729039933	0.5300336355439	1	1	57524/10381/26280/3739/10332	5
Organismal Systems	Endocrine system	hsa04914	Progesterone-mediated oocyte maturation	2/142	110/8790	0.0181818181818182	1.12548015364917	0.169694429360613	0.53364581148687	1	1	995/114	2
Metabolism	Amino acid metabolism	hsa00280	Valine, leucine and isoleucine degradation	1/142	48/8790	0.0208333333333333	1.28961267605634	0.257803523151633	0.543366019850843	1	1	3158	1
Genetic Information Processing	Information processing in viruses	hsa03272	Virion - Hepatitis viruses	1/142	48/8790	0.0208333333333333	1.28961267605634	0.257803523151633	0.543366019850843	1	1	51208	1
Metabolism	Carbohydrate metabolism	hsa00620	Pyruvate metabolism	1/142	49/8790	0.0204081632653061	1.26329405001437	0.236817934415239	0.550783318544641	1	1	125	1
Metabolism	Lipid metabolism	hsa00565	Ether lipid metabolism	1/142	51/8790	0.0196078431372549	1.21375310687655	0.196165540034874	0.565260889873911	1	1	5319	1
Organismal Systems	Digestive system	hsa04979	Cholesterol metabolism	1/142	52/8790	0.0192307692307692	1.19041170097508	0.176459623493797	0.572324965127132	1	1	350	1
Environmental Information Processing	Signal transduction	hsa04668	TNF signaling pathway	2/142	119/8790	0.0168067226890756	1.04035980589419	0.0567994356196189	0.576449729103073	1	1	4314/2277	2
Environmental Information Processing	Signal transduction	hsa04152	AMPK signaling pathway	2/142	122/8790	0.0163934426229508	1.01477718771646	0.0210604825719109	0.590072400505773	1	1	148/5522	2
Organismal Systems	Endocrine system	hsa04935	Growth hormone synthesis, secretion and action	2/142	122/8790	0.0163934426229508	1.01477718771646	0.0210604825719109	0.590072400505773	1	1	779/114	2
Human Diseases	Substance dependence	hsa05034	Alcoholism	3/142	189/8790	0.0158730158730159	0.982562038900067	-0.0310533313014629	0.593021464850119	1	1	2792/810/8345	3
Organismal Systems	Immune system	hsa04611	Platelet activation	2/142	126/8790	0.0158730158730159	0.982562038900067	-0.025262586829077	0.607730180369709	1	1	2815/114	2
Cellular Processes	Cell motility	hsa04814	Motor proteins	3/142	194/8790	0.0154639175257732	0.95723827501089	-0.0771727438384278	0.610820603182326	1	1	7134/10381/4620	3
Organismal Systems	Nervous system	hsa04730	Long-term depression	1/142	60/8790	0.0166666666666667	1.03169014084507	0.0315608533086331	0.624883792761324	1	1	2890	1
Organismal Systems	Aging	hsa04213	Longevity regulating pathway - multiple species	1/142	61/8790	0.0163934426229508	1.01477718771646	0.0148398846421589	0.630985339316638	1	1	114	1
Metabolism	Lipid metabolism	hsa00590	Arachidonic acid metabolism	1/142	62/8790	0.0161290322580645	0.998409813721036	-0.00161006178355751	0.636988327266808	1	1	5319	1
Environmental Information Processing	Signal transduction	hsa04330	Notch signaling pathway	1/142	63/8790	0.0158730158730159	0.982562038900067	-0.0177987521387576	0.642894337524383	1	1	10683	1
Human Diseases	Cancer: specific types	hsa05217	Basal cell carcinoma	1/142	63/8790	0.0158730158730159	0.982562038900067	-0.0177987521387576	0.642894337524383	1	1	64399	1
Human Diseases	Immune disease	hsa05322	Systemic lupus erythematosus	2/142	135/8790	0.0148148148148148	0.917057902973396	-0.124441266801265	0.645350255300173	1	1	732/8345	2
Human Diseases	Neurodegenerative disease	hsa05020	Prion disease	4/142	275/8790	0.0145454545454545	0.900384122919334	-0.215059507958926	0.653867570917129	1	1	779/10381/859/732	4
Metabolism	Carbohydrate metabolism	hsa00010	Glycolysis / Gluconeogenesis	1/142	67/8790	0.0149253731343284	0.923901618667227	-0.0801190789842566	0.665579346894661	1	1	125	1
Human Diseases	Cancer: overview	hsa05204	Chemical carcinogenesis - DNA adducts	1/142	67/8790	0.0149253731343284	0.923901618667227	-0.0801190789842566	0.665579346894661	1	1	1544	1
Human Diseases	Cardiovascular disease	hsa05418	Fluid shear stress and atherosclerosis	2/142	141/8790	0.0141843971631206	0.878034162421337	-0.187077205658343	0.668823467972776	1	1	810/859	2
Human Diseases	Infectious disease: viral	hsa05170	Human immunodeficiency virus 1 infection	3/142	212/8790	0.0141509433962264	0.875963327132607	-0.23425079947624	0.670539996963618	1	1	995/2792/810	3
Organismal Systems	Endocrine system	hsa04917	Prolactin signaling pathway	1/142	71/8790	0.0140845070422535	0.871850823249355	-0.138920942163694	0.68683280384021	1	1	1586	1
Human Diseases	Cancer: specific types	hsa05224	Breast cancer	2/142	148/8790	0.0135135135135135	0.836505519604111	-0.257029449488677	0.694617882450685	1	1	10683/2255	2
Human Diseases	Cancer: specific types	hsa05218	Melanoma	1/142	73/8790	0.0136986301369863	0.847964499324716	-0.16713945421673	0.696950965930165	1	1	2255	1
Human Diseases	Cancer: specific types	hsa05223	Non-small cell lung cancer	1/142	73/8790	0.0136986301369863	0.847964499324716	-0.16713945421673	0.696950965930165	1	1	6258	1
Metabolism	Global and overview maps	hsa01230	Biosynthesis of amino acids	1/142	75/8790	0.0133333333333333	0.825352112676056	-0.194632937088483	0.706744447079137	1	1	5009	1
Cellular Processes	Cell growth and death	hsa04115	p53 signaling pathway	1/142	75/8790	0.0133333333333333	0.825352112676056	-0.194632937088483	0.706744447079137	1	1	5268	1
Organismal Systems	Endocrine system	hsa04918	Thyroid hormone synthesis	1/142	75/8790	0.0133333333333333	0.825352112676056	-0.194632937088483	0.706744447079137	1	1	114	1
Metabolism	Global and overview maps	hsa01240	Biosynthesis of cofactors	2/142	152/8790	0.0131578947368421	0.814492216456635	-0.295619715398494	0.708605284912835	1	1	212/250	2
Human Diseases	Infectious disease: viral	hsa05163	Human cytomegalovirus infection	3/142	225/8790	0.0133333333333333	0.825352112676056	-0.340053285945107	0.709366087367322	1	1	2792/810/114	3
Human Diseases	Infectious disease: bacterial	hsa05133	Pertussis	1/142	76/8790	0.0131578947368421	0.814492216456635	-0.208121150860061	0.711522678692993	1	1	810	1
Human Diseases	Cancer: specific types	hsa05214	Glioma	1/142	76/8790	0.0131578947368421	0.814492216456635	-0.208121150860061	0.711522678692993	1	1	810	1
Metabolism	Carbohydrate metabolism	hsa00562	Inositol phosphate metabolism	1/142	78/8790	0.0128205128205128	0.793607800650054	-0.234605241559435	0.72084843656084	1	1	55586	1
Organismal Systems	Nervous system	hsa04721	Synaptic vesicle cycle	1/142	78/8790	0.0128205128205128	0.793607800650054	-0.234605241559435	0.72084843656084	1	1	6532	1
Human Diseases	Infectious disease: bacterial	hsa05100	Bacterial invasion of epithelial cells	1/142	78/8790	0.0128205128205128	0.793607800650054	-0.234605241559435	0.72084843656084	1	1	859	1
Human Diseases	Infectious disease: viral	hsa05160	Hepatitis C	2/142	156/8790	0.0128205128205128	0.793607800650054	-0.333277212299053	0.722058309999811	1	1	51208/5522	2
Environmental Information Processing	Signaling molecules and interaction	hsa04514	Cell adhesion molecule (CAM) interaction	2/142	157/8790	0.0127388535031847	0.788552973894321	-0.34255207382438	0.72533936929689	1	1	22854/51208	2
Organismal Systems	Immune system	hsa04623	Cytosolic DNA-sensing pathway	1/142	82/8790	0.0121951219512195	0.754895225008588	-0.28572980972029	0.738611228288478	1	1	58511	1
Environmental Information Processing	Signal transduction	hsa04012	ErbB signaling pathway	1/142	85/8790	0.0117647058823529	0.728251864125932	-0.322587632122491	0.751192540784937	1	1	10718	1
Human Diseases	Neurodegenerative disease	hsa05010	Alzheimer disease	5/142	388/8790	0.0128865979381443	0.797698562509075	-0.52225133269012	0.757687507582706	1	1	1128/810/779/10381/177	5
Environmental Information Processing	Signal transduction	hsa04630	JAK-STAT signaling pathway	2/142	168/8790	0.0119047619047619	0.73692152917505	-0.44115581114574	0.75932688054674	1	1	116379/1440	2
Human Diseases	Infectious disease: bacterial	hsa05150	Staphylococcus aureus infection	1/142	88/8790	0.0113636363636364	0.70342509603073	-0.358279747112881	0.763172342380411	1	1	3868	1
Cellular Processes	Cellular community - eukaryotes	hsa04530	Tight junction	2/142	170/8790	0.0117647058823529	0.728251864125932	-0.458451571061573	0.76510392768782	1	1	51208/5522	2
Organismal Systems	Aging	hsa04211	Longevity regulating pathway	1/142	89/8790	0.0112359550561798	0.69552144326634	-0.369933102945262	0.767036916889947	1	1	114	1
Organismal Systems	Immune system	hsa04658	Th1 and Th2 cell differentiation	1/142	90/8790	0.0111111111111111	0.687793427230047	-0.381469424563869	0.770838865838531	1	1	10683	1
Cellular Processes	Transport and catabolism	hsa04144	Endocytosis	3/142	249/8790	0.0120481927710843	0.745800101815714	-0.521406869701265	0.771743899156215	1	1	6456/859/2352	3
Cellular Processes	Transport and catabolism	hsa04145	Phagocytosis	3/142	252/8790	0.0119047619047619	0.73692152917505	-0.542954663791032	0.778724050582936	1	1	10381/250/10332	3
Human Diseases	Infectious disease: bacterial	hsa05152	Tuberculosis	2/142	176/8790	0.0113636363636364	0.70342509603073	-0.509265624934401	0.781723196354332	1	1	810/10332	2
Human Diseases	Cancer: specific types	hsa05222	Small cell lung cancer	1/142	93/8790	0.010752688172043	0.665606542480691	-0.415403905172037	0.781878956735698	1	1	6258	1
Human Diseases	Infectious disease: viral	hsa05165	Human papillomavirus infection	4/142	332/8790	0.0120481927710843	0.745800101815714	-0.605015690307339	0.790089142705713	1	1	7015/7143/3381/5522	4
Human Diseases	Neurodegenerative disease	hsa05022	Pathways of neurodegeneration - multiple diseases	6/142	480/8790	0.0125	0.773767605633803	-0.653177118771848	0.795146705149009	1	1	2890/1128/810/779/10381/177	6
Environmental Information Processing	Signal transduction	hsa04070	Phosphatidylinositol signaling system	1/142	98/8790	0.0102040816326531	0.631647025007186	-0.469865355830274	0.79911755127232	1	1	810	1
Organismal Systems	Development and regeneration	hsa04360	Axon guidance	2/142	183/8790	0.0109289617486339	0.676518125144309	-0.566637951701278	0.799811124675327	1	1	22854/1943	2
Human Diseases	Infectious disease: parasitic	hsa05142	Chagas disease	1/142	102/8790	0.00980392156862745	0.606876553438277	-0.511711515478694	0.811928667430352	1	1	5522	1
Genetic Information Processing	Translation	hsa03015	mRNA surveillance pathway	1/142	103/8790	0.00970873786407767	0.60098454806509	-0.521950694375547	0.815002577331928	1	1	5522	1
Organismal Systems	Immune system	hsa04613	Neutrophil extracellular trap formation	2/142	192/8790	0.0104166666666667	0.644806338028169	-0.637636494618682	0.821121976956692	1	1	8345/177	2
Organismal Systems	Immune system	hsa04659	Th17 cell differentiation	1/142	106/8790	0.00943396226415094	0.583975551421738	-0.552163815320531	0.823928152295811	1	1	6258	1
Organismal Systems	Endocrine system	hsa04922	Glucagon signaling pathway	1/142	107/8790	0.00934579439252336	0.57851783598789	-0.562072391254422	0.826807263577938	1	1	810	1
Human Diseases	Infectious disease: viral	hsa05167	Kaposi sarcoma-associated herpesvirus infection	2/142	196/8790	0.0102040816326531	0.631647025007186	-0.668267909665104	0.82992870820866	1	1	2792/810	2
Environmental Information Processing	Signal transduction	hsa04350	TGF-beta signaling pathway	1/142	109/8790	0.00917431192660551	0.567902829822975	-0.581655523953717	0.832425981601785	1	1	5308	1
Human Diseases	Endocrine and metabolic disease	hsa04931	Insulin resistance	1/142	109/8790	0.00917431192660551	0.567902829822975	-0.581655523953717	0.832425981601785	1	1	28965	1
Environmental Information Processing	Signal transduction	hsa04066	HIF-1 signaling pathway	1/142	110/8790	0.00909090909090909	0.562740076824584	-0.591333139047441	0.835167084079903	1	1	51378	1
Human Diseases	Infectious disease: bacterial	hsa05130	Pathogenic Escherichia coli infection	2/142	199/8790	0.0100502512562814	0.622124708047279	-0.690890527610661	0.836277398953894	1	1	10381/51208	2
Organismal Systems	Sensory system	hsa04740	Olfactory transduction	5/142	440/8790	0.0113636363636364	0.70342509603073	-0.817849820891339	0.845697598747153	1	1	143503/128372/343171/810/391114	5
Human Diseases	Cancer: overview	hsa05205	Proteoglycans in cancer	2/142	204/8790	0.00980392156862745	0.606876553438277	-0.727955199305746	0.846387358320568	1	1	3549/859	2
Organismal Systems	Immune system	hsa04670	Leukocyte transendothelial migration	1/142	116/8790	0.00862068965517241	0.533632831471588	-0.647893046452772	0.850703369644785	1	1	51208	1
Organismal Systems	Nervous system	hsa04722	Neurotrophin signaling pathway	1/142	120/8790	0.00833333333333333	0.515845070422535	-0.684260540907231	0.860243916857534	1	1	810	1
Organismal Systems	Immune system	hsa04660	T cell receptor signaling pathway	1/142	121/8790	0.00826446280991736	0.511581888022349	-0.693195936339237	0.862532886154677	1	1	5522	1
Organismal Systems	Endocrine system	hsa04919	Thyroid hormone signaling pathway	1/142	122/8790	0.00819672131147541	0.507388593858231	-0.702070930737058	0.864784625705494	1	1	6258	1
Environmental Information Processing	Signal transduction	hsa04071	Sphingolipid signaling pathway	1/142	125/8790	0.008	0.495211267605634	-0.728343819359068	0.871322430925744	1	1	5522	1
Organismal Systems	Immune system	hsa04650	Natural killer cell mediated cytotoxicity	1/142	125/8790	0.008	0.495211267605634	-0.728343819359068	0.871322430925744	1	1	154064	1
Human Diseases	Infectious disease: viral	hsa05166	Human T-cell leukemia virus 1 infection	2/142	221/8790	0.00904977375565611	0.560193741635332	-0.848493528699419	0.876680804366328	1	1	7015/114	2
Metabolism	Nucleotide metabolism	hsa00230	Purine metabolism	1/142	128/8790	0.0078125	0.483604753521127	-0.75410912323464	0.877546245229183	1	1	114	1
Human Diseases	Infectious disease: viral	hsa05162	Measles	1/142	136/8790	0.00735294117647059	0.455157415078708	-0.82051800878145	0.892719690442109	1	1	10332	1
Organismal Systems	Endocrine system	hsa04910	Insulin signaling pathway	1/142	138/8790	0.0072463768115942	0.448560930802205	-0.836632794597386	0.896211644936781	1	1	810	1
Human Diseases	Endocrine and metabolic disease	hsa04936	Alcoholic liver disease	1/142	142/8790	0.00704225352112676	0.435925411624678	-0.868318253719761	0.902860514407468	1	1	125	1
Human Diseases	Neurodegenerative disease	hsa05017	Spinocerebellar ataxia	1/142	144/8790	0.00694444444444444	0.429870892018779	-0.883899542087867	0.906024562612018	1	1	2890	1
Environmental Information Processing	Signal transduction	hsa04072	Phospholipase D signaling pathway	1/142	148/8790	0.00675675675675676	0.418252759802056	-0.914564042330782	0.912048874164491	1	1	114	1
Cellular Processes	Transport and catabolism	hsa04148	Efferocytosis	1/142	157/8790	0.00636942675159236	0.394276486947161	-0.98129469769292	0.924237702984122	1	1	177	1
Cellular Processes	Cell growth and death	hsa04218	Cellular senescence	1/142	157/8790	0.00636942675159236	0.394276486947161	-0.98129469769292	0.924237702984122	1	1	810	1
Environmental Information Processing	Signal transduction	hsa04390	Hippo signaling pathway	1/142	157/8790	0.00636942675159236	0.394276486947161	-0.98129469769292	0.924237702984122	1	1	5522	1
Cellular Processes	Cell growth and death	hsa04110	Cell cycle	1/142	158/8790	0.00632911392405063	0.391781066143698	-0.98852766315086	0.92548387999979	1	1	995	1
Human Diseases	Neurodegenerative disease	hsa05012	Parkinson disease	2/142	268/8790	0.00746268656716418	0.461950809333614	-1.14623767389641	0.934185927149012	1	1	810/10381	2
Human Diseases	Cancer: specific types	hsa05225	Hepatocellular carcinoma	1/142	169/8790	0.00591715976331361	0.366280523376948	-1.06590291173471	0.937918420570732	1	1	7015	1
Human Diseases	Infectious disease: viral	hsa05164	Influenza A	1/142	170/8790	0.00588235294117647	0.364125932062966	-1.07274872191999	0.938940991534536	1	1	9407	1
Human Diseases	Neurodegenerative disease	hsa05014	Amyotrophic lateral sclerosis	3/142	368/8790	0.00815217391304348	0.50463104715248	-1.24394488463431	0.940783175644381	1	1	2890/10381/10718	3
Human Diseases	Neurodegenerative disease	hsa05016	Huntington disease	2/142	307/8790	0.00651465798045603	0.403266504564848	-1.36373797530092	0.961655419786807	1	1	2890/10381	2
Human Diseases	Cancer: overview	hsa05203	Viral carcinogenesis	1/142	204/8790	0.00490196078431373	0.303438276719138	-1.28983842743162	0.965325989389175	1	1	8345	1
Human Diseases	Cardiovascular disease	hsa05415	Diabetic cardiomyopathy	1/142	205/8790	0.0048780487804878	0.301958090003435	-1.29581899818167	0.965899447286535	1	1	177	1
Human Diseases	Cancer: overview	hsa05208	Chemical carcinogenesis - reactive oxygen species	1/142	225/8790	0.00444444444444444	0.275117370892019	-1.41140396101947	0.975580919223314	1	1	1544	1
Organismal Systems	Environmental adaptation	hsa04714	Thermogenesis	1/142	234/8790	0.00427350427350427	0.264535933550018	-1.46113405604113	0.978993513579993	1	1	114	1
Human Diseases	Infectious disease: bacterial	hsa05132	Salmonella infection	1/142	248/8790	0.00403225806451613	0.249602453430259	-1.53600817198358	0.983384262388678	1	1	10381	1
Cellular Processes	Transport and catabolism	hsa04142	Lysosome biogenesis	1/142	249/8790	0.00401606425702811	0.248600033938571	-1.54124807679386	0.983660478115768	1	1	58511	1
Metabolism	Carbohydrate metabolism	hsa00020	Citrate cycle (TCA cycle)	0/142	30/8790	0	0	-0.703015075617559	1	1	1		0
Metabolism	Carbohydrate metabolism	hsa00030	Pentose phosphate pathway	0/142	31/8790	0	0	-0.71467673999578	1	1	1		0
Metabolism	Lipid metabolism	hsa00061	Fatty acid biosynthesis	0/142	18/8790	0	0	-0.544180537163266	1	1	1		0
Metabolism	Lipid metabolism	hsa00062	Fatty acid elongation	0/142	28/8790	0	0	-0.67909956957739	1	1	1		0
Metabolism	Lipid metabolism	hsa00120	Primary bile acid biosynthesis	0/142	17/8790	0	0	-0.528818280843147	1	1	1		0
Metabolism	Metabolism of cofactors and vitamins	hsa00130	Ubiquinone and other terpenoid-quinone biosynthesis	0/142	12/8790	0	0	-0.444169669156242	1	1	1		0
Metabolism	Energy metabolism	hsa00190	Oxidative phosphorylation	0/142	136/8790	0	0	-1.50597260840024	1	1	1		0
Metabolism	Nucleotide metabolism	hsa00240	Pyrimidine metabolism	0/142	59/8790	0	0	-0.987529494772243	1	1	1		0
Metabolism	Amino acid metabolism	hsa00250	Alanine, aspartate and glutamate metabolism	0/142	37/8790	0	0	-0.781049325629571	1	1	1		0
Metabolism	Amino acid metabolism	hsa00270	Cysteine and methionine metabolism	0/142	53/8790	0	0	-0.935648726683	1	1	1		0
Metabolism	Amino acid metabolism	hsa00310	Lysine degradation	0/142	63/8790	0	0	-1.02068997841876	1	1	1		0
Metabolism	Amino acid metabolism	hsa00330	Arginine and proline metabolism	0/142	49/8790	0	0	-0.899442788024692	1	1	1		0
Metabolism	Amino acid metabolism	hsa00340	Histidine metabolism	0/142	22/8790	0	0	-0.601751433868244	1	1	1		0
Metabolism	Amino acid metabolism	hsa00360	Phenylalanine metabolism	0/142	16/8790	0	0	-0.512999852508217	1	1	1		0
Metabolism	Metabolism of other amino acids	hsa00410	beta-Alanine metabolism	0/142	31/8790	0	0	-0.71467673999578	1	1	1		0
Metabolism	Metabolism of other amino acids	hsa00430	Taurine and hypotaurine metabolism	0/142	16/8790	0	0	-0.512999852508217	1	1	1		0
Metabolism	Metabolism of other amino acids	hsa00450	Selenocompound metabolism	0/142	17/8790	0	0	-0.528818280843147	1	1	1		0
Metabolism	Metabolism of other amino acids	hsa00480	Glutathione metabolism	0/142	57/8790	0	0	-0.970536251284992	1	1	1		0
Metabolism	Carbohydrate metabolism	hsa00500	Starch and sucrose metabolism	0/142	36/8790	0	0	-0.770378303741625	1	1	1		0
Metabolism	Glycan biosynthesis and metabolism	hsa00510	N-Glycan biosynthesis	0/142	57/8790	0	0	-0.970536251284992	1	1	1		0
Metabolism	Glycan biosynthesis and metabolism	hsa00511	Other glycan degradation	0/142	18/8790	0	0	-0.544180537163266	1	1	1		0
Metabolism	Glycan biosynthesis and metabolism	hsa00512	Mucin type O-glycan biosynthesis	0/142	36/8790	0	0	-0.770378303741625	1	1	1		0
Metabolism	Glycan biosynthesis and metabolism	hsa00514	Other types of O-glycan biosynthesis	0/142	49/8790	0	0	-0.899442788024692	1	1	1		0
Metabolism	Glycan biosynthesis and metabolism	hsa00515	Mannose type O-glycan biosynthesis	0/142	23/8790	0	0	-0.615310716053147	1	1	1		0
Metabolism	Glycan biosynthesis and metabolism	hsa00531	Glycosaminoglycan degradation	0/142	19/8790	0	0	-0.559124224639583	1	1	1		0
Metabolism	Glycan biosynthesis and metabolism	hsa00532	Glycosaminoglycan biosynthesis - chondroitin sulfate / dermatan sulfate	0/142	21/8790	0	0	-0.587882694812305	1	1	1		0
Metabolism	Glycan biosynthesis and metabolism	hsa00533	Glycosaminoglycan biosynthesis - keratan sulfate	0/142	14/8790	0	0	-0.479812739257386	1	1	1		0
Metabolism	Glycan biosynthesis and metabolism	hsa00534	Glycosaminoglycan biosynthesis - heparan sulfate / heparin	0/142	24/8790	0	0	-0.628580568845333	1	1	1		0
Metabolism	Glycan biosynthesis and metabolism	hsa00541	Biosynthesis of various nucleotide sugars	0/142	19/8790	0	0	-0.559124224639583	1	1	1		0
Metabolism	Glycan biosynthesis and metabolism	hsa00563	Glycosylphosphatidylinositol (GPI)-anchor biosynthesis	0/142	30/8790	0	0	-0.703015075617559	1	1	1		0
Metabolism	Lipid metabolism	hsa00600	Sphingolipid metabolism	0/142	55/8790	0	0	-0.953248112566918	1	1	1		0
Metabolism	Glycan biosynthesis and metabolism	hsa00601	Glycosphingolipid biosynthesis - lacto and neolacto series	0/142	28/8790	0	0	-0.67909956957739	1	1	1		0
Metabolism	Glycan biosynthesis and metabolism	hsa00603	Glycosphingolipid biosynthesis - globo and isoglobo series	0/142	16/8790	0	0	-0.512999852508217	1	1	1		0
Metabolism	Glycan biosynthesis and metabolism	hsa00604	Glycosphingolipid biosynthesis - ganglio series	0/142	15/8790	0	0	-0.49668166797394	1	1	1		0
Metabolism	Carbohydrate metabolism	hsa00630	Glyoxylate and dicarboxylate metabolism	0/142	31/8790	0	0	-0.71467673999578	1	1	1		0
Metabolism	Carbohydrate metabolism	hsa00640	Propanoate metabolism	0/142	32/8790	0	0	-0.726153746995185	1	1	1		0
Metabolism	Metabolism of cofactors and vitamins	hsa00670	One carbon pool by folate	0/142	38/8790	0	0	-0.791578897182705	1	1	1		0
Metabolism	Metabolism of cofactors and vitamins	hsa00760	Nicotinate and nicotinamide metabolism	0/142	38/8790	0	0	-0.791578897182705	1	1	1		0
Metabolism	Metabolism of cofactors and vitamins	hsa00770	Pantothenate and CoA biosynthesis	0/142	21/8790	0	0	-0.587882694812305	1	1	1		0
Metabolism	Metabolism of cofactors and vitamins	hsa00785	Lipoic acid metabolism	0/142	19/8790	0	0	-0.559124224639583	1	1	1		0
Metabolism	Energy metabolism	hsa00920	Sulfur metabolism	0/142	10/8790	0	0	-0.405423394918536	1	1	1		0
Genetic Information Processing	Translation	hsa00970	Aminoacyl-tRNA biosynthesis	0/142	44/8790	0	0	-0.852074690913418	1	1	1		0
Metabolism	Xenobiotics biodegradation and metabolism	hsa00983	Drug metabolism - other enzymes	0/142	79/8790	0	0	-1.14402523095786	1	1	1		0
Metabolism	Lipid metabolism	hsa01040	Biosynthesis of unsaturated fatty acids	0/142	27/8790	0	0	-0.666824488014959	1	1	1		0
Metabolism	Global and overview maps	hsa01200	Carbon metabolism	0/142	116/8790	0	0	-1.38923382728066	1	1	1		0
Metabolism	Global and overview maps	hsa01210	2-Oxocarboxylic acid metabolism	0/142	33/8790	0	0	-0.737454719010881	1	1	1		0
Metabolism	Global and overview maps	hsa01212	Fatty acid metabolism	0/142	57/8790	0	0	-0.970536251284992	1	1	1		0
Metabolism	Global and overview maps	hsa01232	Nucleotide metabolism	0/142	85/8790	0	0	-1.18708314625563	1	1	1		0
Human Diseases	Drug resistance: antineoplastic	hsa01521	EGFR tyrosine kinase inhibitor resistance	0/142	80/8790	0	0	-1.1513092129002	1	1	1		0
Human Diseases	Drug resistance: antineoplastic	hsa01524	Platinum drug resistance	0/142	74/8790	0	0	-1.10691255407032	1	1	1		0
Genetic Information Processing	Translation	hsa03008	Ribosome biogenesis in eukaryotes	0/142	143/8790	0	0	-1.54486791389926	1	1	1		0
Genetic Information Processing	Translation	hsa03010	Ribosome	0/142	191/8790	0	0	-1.79039465685597	1	1	1		0
Genetic Information Processing	Translation	hsa03013	Nucleocytoplasmic transport	0/142	108/8790	0	0	-1.33985577028713	1	1	1		0
Genetic Information Processing	Folding, sorting and degradation	hsa03018	RNA degradation	0/142	78/8790	0	0	-1.13669626225385	1	1	1		0
Genetic Information Processing	Transcription	hsa03020	RNA polymerase	0/142	34/8790	0	0	-0.748587629428779	1	1	1		0
Genetic Information Processing	Transcription	hsa03022	Basal transcription factors	0/142	43/8790	0	0	-0.842288223229966	1	1	1		0
Genetic Information Processing	Replication and repair	hsa03030	DNA replication	0/142	36/8790	0	0	-0.770378303741625	1	1	1		0
Genetic Information Processing	Transcription	hsa03040	Spliceosome	0/142	205/8790	0	0	-1.85636274788723	1	1	1		0
Genetic Information Processing	Folding, sorting and degradation	hsa03050	Proteasome	0/142	46/8790	0	0	-0.871324459027907	1	1	1		0
Genetic Information Processing	Folding, sorting and degradation	hsa03060	Protein export	0/142	31/8790	0	0	-0.71467673999578	1	1	1		0
Genetic Information Processing	Chromosome	hsa03082	ATP-dependent chromatin remodeling	0/142	115/8790	0	0	-1.38315306164243	1	1	1		0
Genetic Information Processing	Chromosome	hsa03083	Polycomb repressive complex	0/142	83/8790	0	0	-1.17289959929298	1	1	1		0
Genetic Information Processing	Information processing in viruses	hsa03250	Viral life cycle - HIV-1	0/142	68/8790	0	0	-1.06072420468735	1	1	1		0
Genetic Information Processing	Replication and repair	hsa03420	Nucleotide excision repair	0/142	62/8790	0	0	-1.0124988530315	1	1	1		0
Genetic Information Processing	Replication and repair	hsa03430	Mismatch repair	0/142	23/8790	0	0	-0.615310716053147	1	1	1		0
Genetic Information Processing	Replication and repair	hsa03440	Homologous recombination	0/142	41/8790	0	0	-0.822372887977944	1	1	1		0
Genetic Information Processing	Replication and repair	hsa03450	Non-homologous end-joining	0/142	13/8790	0	0	-0.462332784633479	1	1	1		0
Genetic Information Processing	Replication and repair	hsa03460	Fanconi anemia pathway	0/142	53/8790	0	0	-0.935648726683	1	1	1		0
Environmental Information Processing	Signal transduction	hsa04064	NF-kappa B signaling pathway	0/142	103/8790	0	0	-1.30809644549979	1	1	1		0
Environmental Information Processing	Signal transduction	hsa04068	FoxO signaling pathway	0/142	132/8790	0	0	-1.48331790408524	1	1	1		0
Genetic Information Processing	Folding, sorting and degradation	hsa04120	Ubiquitin mediated proteolysis	0/142	142/8790	0	0	-1.53936779215802	1	1	1		0
Genetic Information Processing	Folding, sorting and degradation	hsa04130	SNARE interactions in vesicular transport	0/142	33/8790	0	0	-0.737454719010881	1	1	1		0
Cellular Processes	Transport and catabolism	hsa04136	Autophagy - other	0/142	32/8790	0	0	-0.726153746995185	1	1	1		0
Cellular Processes	Transport and catabolism	hsa04137	Mitophagy - animal	0/142	104/8790	0	0	-1.31450675162971	1	1	1		0
Cellular Processes	Transport and catabolism	hsa04140	Autophagy - animal	0/142	169/8790	0	0	-1.68197909493751	1	1	1		0
Genetic Information Processing	Folding, sorting and degradation	hsa04141	Protein processing in endoplasmic reticulum	0/142	174/8790	0	0	-1.70717421643374	1	1	1		0
Cellular Processes	Transport and catabolism	hsa04146	Peroxisome	0/142	82/8790	0	0	-1.16574558667942	1	1	1		0
Environmental Information Processing	Signal transduction	hsa04150	mTOR signaling pathway	0/142	156/8790	0	0	-1.61477620447258	1	1	1		0
NA	NA	hsa04156	Integrated stress response (ISR) signaling pathway	0/142	52/8790	0	0	-0.926726785119629	1	1	1		0
Cellular Processes	Cell growth and death	hsa04210	Apoptosis	0/142	137/8790	0	0	-1.51158646903503	1	1	1		0
Cellular Processes	Cell growth and death	hsa04215	Apoptosis - multiple species	0/142	32/8790	0	0	-0.726153746995185	1	1	1		0
Cellular Processes	Cell growth and death	hsa04216	Ferroptosis	0/142	42/8790	0	0	-0.832388980037095	1	1	1		0
Cellular Processes	Cell growth and death	hsa04217	Necroptosis	0/142	162/8790	0	0	-1.64610867255699	1	1	1		0
Environmental Information Processing	Signal transduction	hsa04370	VEGF signaling pathway	0/142	60/8790	0	0	-0.995920259961311	1	1	1		0
Organismal Systems	Development and regeneration	hsa04380	Osteoclast differentiation	0/142	133/8790	0	0	-1.4890119242941	1	1	1		0
Environmental Information Processing	Signal transduction	hsa04392	Hippo signaling pathway - multiple species	0/142	29/8790	0	0	-0.69115940603166	1	1	1		0
Cellular Processes	Cellular community - eukaryotes	hsa04520	Adherens junction	0/142	93/8790	0	0	-1.24226086315714	1	1	1		0
Organismal Systems	Immune system	hsa04612	Antigen processing and presentation	0/142	71/8790	0	0	-1.0840564542526	1	1	1		0
Organismal Systems	Immune system	hsa04620	Toll-like receptor signaling pathway	0/142	107/8790	0	0	-1.33356151041844	1	1	1		0
Organismal Systems	Immune system	hsa04621	NOD-like receptor signaling pathway	0/142	183/8790	0	0	-1.75168377503086	1	1	1		0
Organismal Systems	Immune system	hsa04622	RIG-I-like receptor signaling pathway	0/142	72/8790	0	0	-1.09172656927534	1	1	1		0
Organismal Systems	Immune system	hsa04662	B cell receptor signaling pathway	0/142	82/8790	0	0	-1.16574558667942	1	1	1		0
Organismal Systems	Immune system	hsa04664	Fc epsilon RI signaling pathway	0/142	68/8790	0	0	-1.06072420468735	1	1	1		0
Organismal Systems	Immune system	hsa04666	Fc gamma R-mediated phagosome formation	0/142	97/8790	0	0	-1.2689867611039	1	1	1		0
Organismal Systems	Immune system	hsa04672	Intestinal immune network for IgA production	0/142	46/8790	0	0	-0.871324459027907	1	1	1		0
Organismal Systems	Environmental adaptation	hsa04710	Circadian rhythm	0/142	34/8790	0	0	-0.748587629428779	1	1	1		0
Human Diseases	Endocrine and metabolic disease	hsa04930	Type II diabetes mellitus	0/142	47/8790	0	0	-0.880794823784099	1	1	1		0
Human Diseases	Endocrine and metabolic disease	hsa04932	Non-alcoholic fatty liver disease	0/142	157/8790	0	0	-1.62003732156146	1	1	1		0
Human Diseases	Endocrine and metabolic disease	hsa04940	Type I diabetes mellitus	0/142	41/8790	0	0	-0.822372887977944	1	1	1		0
Organismal Systems	Excretory system	hsa04960	Aldosterone-regulated sodium reabsorption	0/142	38/8790	0	0	-0.791578897182705	1	1	1		0
Organismal Systems	Excretory system	hsa04961	Endocrine and other factor-regulated calcium reabsorption	0/142	53/8790	0	0	-0.935648726683	1	1	1		0
Organismal Systems	Digestive system	hsa04973	Carbohydrate digestion and absorption	0/142	48/8790	0	0	-0.890166572341201	1	1	1		0
Organismal Systems	Digestive system	hsa04978	Mineral absorption	0/142	60/8790	0	0	-0.995920259961311	1	1	1		0
Organismal Systems	Digestive system	hsa04980	Cobalamin transport and metabolism	0/142	18/8790	0	0	-0.544180537163266	1	1	1		0
Human Diseases	Substance dependence	hsa05030	Cocaine addiction	0/142	49/8790	0	0	-0.899442788024692	1	1	1		0
Human Diseases	Infectious disease: bacterial	hsa05110	Vibrio cholerae infection	0/142	50/8790	0	0	-0.908626397457285	1	1	1		0
Human Diseases	Infectious disease: bacterial	hsa05120	Epithelial cell signaling in Helicobacter pylori infection	0/142	70/8790	0	0	-1.07633346022074	1	1	1		0
Human Diseases	Infectious disease: bacterial	hsa05131	Shigellosis	0/142	251/8790	0	0	-2.0596309907165	1	1	1		0
Human Diseases	Infectious disease: bacterial	hsa05134	Legionellosis	0/142	56/8790	0	0	-0.96193003155607	1	1	1		0
Human Diseases	Infectious disease: bacterial	hsa05135	Yersinia infection	0/142	137/8790	0	0	-1.51158646903503	1	1	1		0
Human Diseases	Infectious disease: parasitic	hsa05140	Leishmaniasis	0/142	73/8790	0	0	-1.0993449126971	1	1	1		0
Human Diseases	Infectious disease: parasitic	hsa05145	Toxoplasmosis	0/142	109/8790	0	0	-1.34612203943715	1	1	1		0
Human Diseases	Infectious disease: viral	hsa05161	Hepatitis B	0/142	163/8790	0	0	-1.65127713427979	1	1	1		0
Human Diseases	Infectious disease: viral	hsa05168	Herpes simplex virus 1 infection	0/142	177/8790	0	0	-1.72212818065266	1	1	1		0
Human Diseases	Infectious disease: viral	hsa05169	Epstein-Barr virus infection	0/142	201/8790	0	0	-1.83773459659133	1	1	1		0
Human Diseases	Cancer: specific types	hsa05210	Colorectal cancer	0/142	87/8790	0	0	-1.20110561849189	1	1	1		0
Human Diseases	Cancer: specific types	hsa05211	Renal cell carcinoma	0/142	69/8790	0	0	-1.06855644001479	1	1	1		0
Human Diseases	Cancer: specific types	hsa05212	Pancreatic cancer	0/142	77/8790	0	0	-1.12932143035026	1	1	1		0
Human Diseases	Cancer: specific types	hsa05213	Endometrial cancer	0/142	59/8790	0	0	-0.987529494772243	1	1	1		0
Human Diseases	Cancer: specific types	hsa05220	Chronic myeloid leukemia	0/142	77/8790	0	0	-1.12932143035026	1	1	1		0
Human Diseases	Cancer: specific types	hsa05221	Acute myeloid leukemia	0/142	68/8790	0	0	-1.06072420468735	1	1	1		0
Human Diseases	Cancer: overview	hsa05230	Central carbon metabolism in cancer	0/142	71/8790	0	0	-1.0840564542526	1	1	1		0
Human Diseases	Cancer: overview	hsa05231	Choline metabolism in cancer	0/142	99/8790	0	0	-1.28214985119092	1	1	1		0
Human Diseases	Cancer: overview	hsa05235	PD-L1 expression and PD-1 checkpoint pathway in cancer	0/142	90/8790	0	0	-1.22184943506924	1	1	1		0
Human Diseases	Immune disease	hsa05310	Asthma	0/142	28/8790	0	0	-0.67909956957739	1	1	1		0
Human Diseases	Immune disease	hsa05320	Autoimmune thyroid disease	0/142	50/8790	0	0	-0.908626397457285	1	1	1		0
Human Diseases	Immune disease	hsa05321	Inflammatory bowel disease	0/142	63/8790	0	0	-1.02068997841876	1	1	1		0
Human Diseases	Immune disease	hsa05330	Allograft rejection	0/142	35/8790	0	0	-0.75955986900104	1	1	1		0
Human Diseases	Immune disease	hsa05332	Graft-versus-host disease	0/142	38/8790	0	0	-0.791578897182705	1	1	1		0
Human Diseases	Immune disease	hsa05340	Primary immunodeficiency	0/142	37/8790	0	0	-0.781049325629571	1	1	1		0
